交易日期,日收盘价
1996-03-12,8.39
1996-03-13,8.34
1996-03-14,8.18
1996-03-15,8.25
1996-03-18,8.61
1996-03-19,8.47
1996-03-20,8.8
1996-03-21,8.7
1996-03-22,8.75
1996-03-25,8.62
1996-03-26,8.44
1996-03-27,8.6
1996-03-28,8.32
1996-03-29,8.31
1996-04-01,8.35
1996-04-02,8.23
1996-04-03,8.3
1996-04-04,8.3
1996-04-05,8.72
1996-04-08,8.6
1996-04-09,8.53
1996-04-10,8.52
1996-04-11,8.61
1996-04-12,8.55
1996-04-15,8.43
1996-04-16,8.45
1996-04-17,8.49
1996-04-18,8.74
1996-04-19,9.27
1996-04-22,8.9
1996-04-23,9.07
1996-04-24,9.65
1996-04-25,9.06
1996-04-26,10.18
1996-04-29,10.4
1996-04-30,9.1
1996-05-02,8.7
1996-05-03,8.8
1996-05-06,9.28
1996-05-07,8.8
1996-05-09,8.7
1996-05-10,8.79
1996-05-13,8.75
1996-05-14,8.74
1996-05-15,8.92
1996-05-16,8.6
1996-05-17,8.93
1996-05-20,9
1996-05-21,8.6
1996-05-22,8.58
1996-05-23,8.2
1996-05-24,8.2
1996-05-27,7.89
1996-05-28,8.01
1996-05-29,8.04
1996-05-30,7.88
1996-05-31,8.04
1996-06-03,8.18
1996-06-04,8.19
1996-06-05,8.5
1996-06-06,8.68
1996-06-07,9
1996-06-10,9.8
1996-06-11,9.31
1996-06-12,9
1996-06-13,10.08
1996-06-14,9.9
1996-06-17,10
1996-06-18,10.6
1996-06-19,10.86
1996-06-20,10.45
1996-06-21,10.45
1996-06-24,10.27
1996-06-25,10.1
1996-06-26,10.3
1996-06-27,11.5
1996-06-28,12.2
1996-07-01,13
1996-07-02,13.14
1996-07-03,14.1
1996-07-04,14.3
1996-07-05,14.85
1996-07-08,15.1
1996-07-09,15.16
1996-07-10,14.9
1996-07-11,14.5
1996-07-12,14.5
1996-07-15,14.27
1996-07-16,15
1996-07-17,14.68
1996-07-18,15.09
1996-07-19,14.8
1996-07-22,14.6
1996-07-23,14.5
1996-07-24,14.87
1996-07-25,15.16
1996-07-26,14.81
1996-07-29,14.9
1996-07-30,14.65
1996-07-31,14.12
1996-08-01,14.01
1996-08-02,14.2
1996-08-05,14.16
1996-08-06,14.3
1996-08-07,14.47
1996-08-08,14.45
1996-08-09,14.3
1996-08-12,14.3
1996-08-13,14.48
1996-08-14,14.7
1996-08-15,14.72
1996-08-16,14.88
1996-08-19,14.62
1996-08-20,14.75
1996-08-21,15.05
1996-08-22,15.35
1996-08-23,15.26
1996-08-26,15.32
1996-08-27,15.37
1996-08-28,15.5
1996-08-29,15.32
1996-08-30,15.73
1996-09-02,15.4
1996-09-03,15.6
1996-09-04,16
1996-09-05,16
1996-09-06,16.03
1996-09-09,15.71
1996-09-10,15.7
1996-09-11,15.38
1996-09-12,15
1996-09-13,15.5
1996-09-16,15
1996-09-17,15.5
1996-09-18,15.2
1996-09-19,15.2
1996-09-20,15.3
1996-09-23,17.35
1996-09-24,17.4
1996-09-25,18.88
1996-09-26,19
1996-09-27,19.18
1996-10-03,18.01
1996-10-04,18.5
1996-10-07,17.8
1996-10-08,17.8
1996-10-09,17.23
1996-10-10,17.3
1996-10-11,17.99
1996-10-14,20.6
1996-10-15,20.2
1996-10-16,20.45
1996-10-17,19.91
1996-10-18,19
1996-10-21,19.2
1996-10-22,18.95
1996-10-23,19.1
1996-10-24,19.15
1996-10-25,19.3
1996-10-28,19.95
1996-10-29,19.2
1996-10-30,18.3
1996-10-31,18.8
1996-11-01,17.8
1996-11-04,18
1996-11-05,17.8
1996-11-06,17.75
1996-11-07,17.98
1996-11-08,17.85
1996-11-11,18.09
1996-11-12,18.23
1996-11-13,18.9
1996-11-14,18.83
1996-11-15,20
1996-11-18,21
1996-11-19,21.2
1996-11-20,20.85
1996-11-21,20.85
1996-11-22,20.48
1996-11-25,21
1996-11-26,22.28
1996-11-27,25
1996-11-28,26.78
1996-11-29,26.35
1996-12-02,26
1996-12-03,28.5
1996-12-04,28
1996-12-05,27.82
1996-12-06,27.93
1996-12-09,28.3
1996-12-10,28.93
1996-12-11,29.21
1996-12-12,29.31
1996-12-13,28.48
1996-12-16,25.64
1996-12-17,26
1996-12-18,27.32
1996-12-19,26.27
1996-12-20,26.8
1996-12-23,26.7
1996-12-24,26.3
1996-12-25,26.7
1996-12-26,26.78
1996-12-27,26.67
1996-12-30,26.8
1996-12-31,27.7
1997-01-02,28.89
1997-01-03,29
1997-01-06,28.5
1997-01-07,28.88
1997-01-09,29
1997-01-10,28.9
1997-01-13,28.9
1997-01-14,28.48
1997-01-15,14.18
1997-01-16,14.49
1997-01-17,14.27
1997-01-20,14.2
1997-01-21,14.22
1997-01-22,14.22
1997-01-23,14.18
1997-01-24,14.4
1997-01-27,14.54
1997-01-28,14.37
1997-01-29,14.5
1997-01-30,14.5
1997-01-31,14.47
1997-02-17,15
1997-02-18,14.1
1997-02-19,14.74
1997-02-20,14.34
1997-02-21,14.56
1997-02-24,14.45
1997-02-25,14.51
1997-02-26,15.56
1997-02-27,15.36
1997-02-28,15.45
1997-03-03,15.9
1997-03-04,16.09
1997-03-05,15.95
1997-03-06,15.9
1997-03-07,15.9
1997-03-10,16.4
1997-03-11,16.47
1997-03-12,16.2
1997-03-13,15.78
1997-03-14,16.1
1997-03-17,16.09
1997-03-18,16.2
1997-03-19,16.05
1997-03-20,16.1
1997-03-21,16.35
1997-03-24,17.3
1997-03-25,17
1997-03-26,16.9
1997-03-27,16.77
1997-03-28,16.6
1997-03-31,16.7
1997-04-01,16.8
1997-04-02,16.7
1997-04-03,17.1
1997-04-04,16.96
1997-04-07,17.97
1997-04-08,18.38
1997-04-09,18.48
1997-04-10,17.9
1997-04-11,17.59
1997-04-14,17.45
1997-04-15,17.65
1997-04-16,17.48
1997-04-17,17.38
1997-04-18,17.85
1997-04-21,18.2
1997-04-22,18.04
1997-04-23,18.52
1997-04-24,18.2
1997-04-25,18.3
1997-04-28,19.68
1997-04-29,18.9
1997-04-30,19.15
1997-05-05,19.68
1997-05-06,21.65
1997-05-07,22.8
1997-05-08,21
1997-05-09,21.95
1997-05-12,22.45
1997-05-13,22.13
1997-05-14,21
1997-05-15,22.1
1997-05-16,20.1
1997-05-19,20.19
1997-05-20,21.15
1997-05-21,20.5
1997-05-22,18.99
1997-05-23,19.55
1997-05-26,20.1
1997-05-27,20.7
1997-05-28,20.81
1997-05-29,20.75
1997-05-30,21.5
1997-06-02,22.33
1997-06-03,21.7
1997-06-04,21.7
1997-06-05,22
1997-06-06,21.1
1997-06-09,21.06
1997-06-10,20.4
1997-06-11,20.7
1997-06-12,20.75
1997-06-13,21.5
1997-06-16,22.72
1997-06-17,22.59
1997-06-18,22.3
1997-06-19,21.98
1997-06-20,23.2
1997-06-23,23.65
1997-06-24,24.2
1997-06-25,24.19
1997-06-26,23.65
1997-06-27,20.79
1997-07-02,20.3
1997-07-03,19.95
1997-07-04,20.11
1997-07-07,19.15
1997-07-08,19.38
1997-07-09,19.4
1997-07-10,19.45
1997-07-11,20.18
1997-07-14,20.55
1997-07-15,20.5
1997-07-16,20.66
1997-07-17,20.95
1997-07-18,21.88
1997-07-21,21.41
1997-07-22,21.75
1997-07-23,21.3
1997-07-24,20.85
1997-07-25,21.5
1997-07-28,19.95
1997-07-29,20.05
1997-07-30,20.47
1997-07-31,20.5
1997-08-01,20.08
1997-08-04,19.5
1997-08-05,19.98
1997-08-06,19.99
1997-08-07,19.83
1997-08-08,19.97
1997-08-11,19.25
1997-08-12,18.1
1997-08-13,18.4
1997-08-14,18.9
1997-08-15,18.35
1997-08-18,18.35
1997-08-19,18.4
1997-08-20,19.81
1997-08-21,19.77
1997-08-22,19.8
1997-08-25,20.3
1997-08-26,20.56
1997-08-27,20.3
1997-08-28,20.05
1997-08-29,19.83
1997-09-01,19.4
1997-09-02,19.8
1997-09-03,20.06
1997-09-04,20
1997-09-05,19.8
1997-09-08,19.61
1997-09-09,19.57
1997-09-10,19.5
1997-09-11,19.95
1997-09-12,19.55
1997-09-15,19.38
1997-09-16,20
1997-09-17,20.05
1997-09-18,20.5
1997-09-19,21.17
1997-09-22,20.34
1997-09-23,18.97
1997-09-24,19.98
1997-09-25,19.88
1997-09-26,19.96
1997-09-29,19.9
1997-09-30,19.99
1997-10-06,19.85
1997-10-07,19.57
1997-10-08,20.09
1997-10-09,19.76
1997-10-10,19.75
1997-10-13,19.51
1997-10-14,19.5
1997-10-15,19.66
1997-10-16,20.24
1997-10-17,20.95
1997-10-20,20.85
1997-10-21,20.8
1997-10-22,20.5
1997-10-23,20.5
1997-10-24,20.74
1997-10-27,21.4
1997-10-28,20.5
1997-10-29,20.63
1997-10-30,20.45
1997-10-31,20.45
1997-11-03,20.3
1997-11-04,20.21
1997-11-05,20.66
1997-11-06,20.4
1997-11-07,20.68
1997-11-10,20.5
1997-11-11,20.55
1997-11-12,20.31
1997-11-13,20.4
1997-11-14,21
1997-11-17,21
1997-11-18,20.68
1997-11-19,20.65
1997-11-20,20.3
1997-11-21,20.08
1997-11-24,19.8
1997-11-25,19.88
1997-11-26,20
1997-11-27,19.6
1997-11-28,20.2
1997-12-01,20.1
1997-12-02,20.34
1997-12-03,20.23
1997-12-04,20.28
1997-12-05,20.4
1997-12-08,20.31
1997-12-09,20.6
1997-12-10,20.71
1997-12-11,20.85
1997-12-12,20.88
1997-12-15,21.09
1997-12-16,22.34
1997-12-17,21.6
1997-12-18,22.3
1997-12-19,22.4
1997-12-22,23.18
1997-12-23,23
1997-12-24,23.09
1997-12-25,23.02
1997-12-26,23.35
1997-12-29,22.55
1997-12-30,22.4
1997-12-31,22.9
1998-01-05,23.95
1998-01-06,24.35
1998-01-07,24.46
1998-01-08,24.1
1998-01-09,24.6
1998-01-12,23.89
1998-01-13,22.5
1998-01-14,22.7
1998-01-15,22.8
1998-01-16,23
1998-01-19,23
1998-01-20,23.1
1998-01-21,22.7
1998-01-22,22.91
1998-01-23,23.3
1998-02-09,23.5
1998-02-10,22.9
1998-02-11,23.08
1998-02-12,23.3
1998-02-13,23.3
1998-02-16,23.99
1998-02-17,24.49
1998-02-18,24.36
1998-02-19,24.1
1998-02-20,23.4
1998-02-23,22.78
1998-02-24,22.5
1998-02-25,21.6
1998-02-26,21.99
1998-02-27,21.85
1998-03-02,20.89
1998-03-03,20.9
1998-03-04,21
1998-03-05,21.1
1998-03-06,18.99
1998-03-09,19.47
1998-03-10,19.35
1998-03-11,19.17
1998-03-12,18.96
1998-03-13,18.96
1998-03-16,19.5
1998-03-17,19.8
1998-03-18,19.7
1998-03-19,19.35
1998-03-20,19.31
1998-03-23,19.85
1998-03-24,20.25
1998-03-25,20
1998-03-26,19.8
1998-03-27,19.84
1998-03-30,20.4
1998-03-31,20.5
1998-04-01,20.7
1998-04-02,21
1998-04-03,21.01
1998-04-06,21.02
1998-04-07,21.11
1998-04-08,21.18
1998-04-09,20.98
1998-04-10,21.1
1998-04-13,22.05
1998-04-14,22.05
1998-04-15,22.06
1998-04-16,22.1
1998-04-17,22
1998-04-20,22.8
1998-04-21,22.89
1998-04-22,22.82
1998-04-23,23.03
1998-04-24,22.83
1998-04-27,23.2
1998-04-28,23
1998-04-29,22.9
1998-04-30,22.47
1998-05-04,22.86
1998-05-05,22.59
1998-05-06,22.61
1998-05-07,22
1998-05-08,22.18
1998-05-11,21.6
1998-05-12,21.7
1998-05-13,22.15
1998-05-14,22.15
1998-05-15,20
1998-05-18,22
1998-05-19,22.92
1998-05-20,22.6
1998-05-21,22.32
1998-05-22,22.85
1998-05-25,22.8
1998-05-26,23.45
1998-05-27,22.92
1998-05-28,22.93
1998-05-29,22.78
1998-06-01,23
1998-06-02,22.8
1998-06-03,22.81
1998-06-04,22.69
1998-06-05,22.7
1998-06-08,22.45
1998-06-09,22.21
1998-06-10,22.7
1998-06-11,22.82
1998-06-12,24
1998-06-15,23.2
1998-06-16,23
1998-06-17,23
1998-06-18,23.1
1998-06-19,23.2
1998-06-22,23.96
1998-06-23,24.25
1998-06-24,23.9
1998-06-25,23.29
1998-06-29,22.51
1998-06-30,22
1998-07-01,21.63
1998-07-02,21.88
1998-07-03,21.68
1998-07-06,21.84
1998-07-07,21.9
1998-07-08,22.48
1998-07-09,22.37
1998-07-10,22.43
1998-07-13,22.52
1998-07-14,22.35
1998-07-15,22.75
1998-07-16,23.5
1998-07-17,23
1998-07-20,23.1
1998-07-21,23.45
1998-07-22,22.9
1998-07-23,22.4
1998-07-24,22.5
1998-07-27,22.45
1998-07-28,23.31
1998-07-29,23.19
1998-07-30,23.39
1998-07-31,22.89
1998-08-03,22.67
1998-08-04,22.7
1998-08-05,22.63
1998-08-06,22.3
1998-08-07,21.7
1998-08-10,21.06
1998-08-11,20
1998-08-12,20.45
1998-08-13,20.72
1998-08-14,19.9
1998-08-17,18.38
1998-08-18,18.3
1998-08-19,20
1998-08-20,19.73
1998-08-21,20.2
1998-08-24,19.92
1998-08-25,19.9
1998-08-26,19.48
1998-08-27,19.19
1998-08-28,18.75
1998-08-31,18.76
1998-09-01,18.28
1998-09-02,18.31
1998-09-03,18.71
1998-09-04,18.99
1998-09-07,19.2
1998-09-08,18.82
1998-09-09,19.24
1998-09-10,19.85
1998-09-11,19.76
1998-09-14,19.85
1998-09-15,20.8
1998-09-16,20.91
1998-09-17,19.98
1998-09-18,19.6
1998-09-21,19.62
1998-09-22,19.65
1998-09-23,20.15
1998-09-24,19.8
1998-09-25,20.01
1998-09-28,20.3
1998-09-29,20.49
1998-09-30,20.7
1998-10-05,20.94
1998-10-06,20.49
1998-10-07,20.22
1998-10-08,20.4
1998-10-09,20.5
1998-10-12,20.03
1998-10-13,19.99
1998-10-14,19.88
1998-10-15,19.75
1998-10-16,19.95
1998-10-19,19.85
1998-10-20,19.93
1998-10-21,19.45
1998-10-22,19.4
1998-10-23,19.55
1998-10-26,19.3
1998-10-27,19.14
1998-10-28,19.48
1998-10-29,19.28
1998-10-30,19.4
1998-11-02,20.84
1998-11-03,22.18
1998-11-04,22.25
1998-11-05,22.55
1998-11-06,22.35
1998-11-09,22.55
1998-11-10,22.45
1998-11-11,22.09
1998-11-12,22.11
1998-11-13,21.89
1998-11-16,21.8
1998-11-17,21.7
1998-11-18,21
1998-11-19,20.67
1998-11-20,20.68
1998-11-23,21
1998-11-24,20.9
1998-11-25,21.1
1998-11-26,20.99
1998-11-27,20.98
1998-11-30,21.11
1998-12-01,21.23
1998-12-02,21.07
1998-12-03,21.37
1998-12-04,21.35
1998-12-07,21.2
1998-12-08,21
1998-12-09,20.66
1998-12-10,20.66
1998-12-11,20.66
1998-12-14,20.54
1998-12-15,20.47
1998-12-16,20.5
1998-12-17,20.4
1998-12-18,20.49
1998-12-21,20.24
1998-12-22,20.5
1998-12-23,20.34
1998-12-24,20.49
1998-12-25,20.35
1998-12-28,19.76
1998-12-29,19.51
1998-12-30,19.35
1998-12-31,19.5
1999-01-04,19.27
1999-01-05,19.02
1999-01-06,18.8
1999-01-07,18.69
1999-01-08,19.18
1999-01-11,19.2
1999-01-12,19.2
1999-01-13,19.3
1999-01-14,19.25
1999-01-15,19.4
1999-01-18,19.96
1999-01-19,20.15
1999-01-20,19.67
1999-01-21,19.98
1999-01-22,19.62
1999-01-25,19.33
1999-01-26,19.22
1999-01-27,19.05
1999-01-28,18.92
1999-01-29,18.95
1999-02-01,18.47
1999-02-02,18.53
1999-02-03,17.75
1999-02-04,17.85
1999-02-05,17.38
1999-02-08,17.27
1999-02-09,19
1999-03-01,18.49
1999-03-02,18.5
1999-03-03,18.35
1999-03-04,18.15
1999-03-05,18.5
1999-03-08,18.41
1999-03-09,18.42
1999-03-10,19.3
1999-03-11,19.3
1999-03-12,19.4
1999-03-15,19.22
1999-03-16,18.9
1999-03-17,19.85
1999-03-18,19.62
1999-03-19,20.24
1999-03-22,20.5
1999-03-23,20.75
1999-03-24,20.55
1999-03-25,20.4
1999-03-26,21
1999-03-29,19.33
1999-03-30,19.21
1999-03-31,18.1
1999-04-01,17.7
1999-04-02,18.3
1999-04-05,18.35
1999-04-06,18.23
1999-04-07,18.25
1999-04-08,18.35
1999-04-09,18.6
1999-04-12,18.38
1999-04-13,18.1
1999-04-14,18.05
1999-04-15,17.98
1999-04-16,18.15
1999-04-19,18.51
1999-04-20,18.5
1999-04-21,18.01
1999-04-22,17.91
1999-04-23,17.93
1999-04-26,17.57
1999-04-27,17.51
1999-04-28,17.72
1999-04-29,18
1999-04-30,18.03
1999-05-04,18
1999-05-05,18.55
1999-05-06,19.12
1999-05-07,19.36
1999-05-10,19.2
1999-05-11,19.22
1999-05-12,19.16
1999-05-13,19
1999-05-14,18.71
1999-05-17,18.81
1999-05-18,18.95
1999-05-19,19.58
1999-05-20,19.6
1999-05-21,20.02
1999-05-24,20.2
1999-05-25,20.01
1999-05-26,20
1999-05-27,20.5
1999-05-28,21.28
1999-05-31,23.41
1999-06-01,25.1
1999-06-02,24.2
1999-06-03,23.79
1999-06-04,24.12
1999-06-07,23.84
1999-06-09,23.88
1999-06-10,24.5
1999-06-11,24.26
1999-06-14,24.95
1999-06-15,24.4
1999-06-16,25.21
1999-06-17,24.96
1999-06-18,24.98
1999-06-21,27
1999-06-22,26.6
1999-06-23,26.48
1999-06-24,27.05
1999-06-25,28.88
1999-06-28,31.77
1999-06-29,34.95
1999-06-30,35.5
1999-07-01,31.99
1999-07-02,34.8
1999-07-05,33.98
1999-07-06,32.6
1999-07-07,35
1999-07-08,35.78
1999-07-09,35.8
1999-07-12,34.33
1999-07-13,33.2
1999-07-14,32.88
1999-07-15,32.4
1999-07-16,33.18
1999-07-19,33.5
1999-07-20,35.1
1999-07-21,36.75
1999-07-22,35.5
1999-07-23,35.48
1999-07-26,35.35
1999-07-27,35
1999-07-28,34.56
1999-07-29,33.99
1999-07-30,34.77
1999-08-02,35.5
1999-08-03,35.86
1999-08-04,35.58
1999-08-05,36.23
1999-08-06,38.5
1999-08-09,41.28
1999-08-10,37.75
1999-08-11,37.7
1999-08-12,37.6
1999-08-13,37.43
1999-08-16,36.4
1999-08-17,35.66
1999-08-18,36.2
1999-08-19,37.36
1999-08-20,36.98
1999-08-23,33.8
1999-08-24,33.89
1999-08-25,32.5
1999-08-26,32.8
1999-08-27,30
1999-08-30,27
1999-08-31,26.64
1999-09-01,26.49
1999-09-02,25.8
1999-09-03,25.6
1999-09-06,25.9
1999-09-07,24.59
1999-09-08,24.83
1999-09-09,25.15
1999-09-10,27.67
1999-09-13,27.3
1999-09-14,30.03
1999-09-15,28.98
1999-09-16,28.2
1999-09-17,27.77
1999-09-20,28.26
1999-09-21,27.97
1999-09-22,28.1
1999-09-23,29
1999-09-24,28.78
1999-09-27,26.72
1999-09-28,25.8
1999-09-29,25.47
1999-09-30,25.39
1999-10-08,25.01
1999-10-11,24.99
1999-10-12,25.45
1999-10-13,25.66
1999-10-14,25.2
1999-10-15,25.75
1999-10-18,26.46
1999-10-19,25.98
1999-10-20,26.39
1999-10-21,25.38
1999-10-22,25.7
1999-10-25,25.48
1999-10-26,25.85
1999-10-27,26.85
1999-10-28,25.98
1999-10-29,25.7
1999-11-01,25.76
1999-11-02,25.6
1999-11-03,25.98
1999-11-04,26.8
1999-11-05,26.15
1999-11-08,25.78
1999-11-09,25.6
1999-11-10,25.15
1999-11-11,25.58
1999-11-12,25.7
1999-11-15,25.5
1999-11-16,25.21
1999-11-17,26
1999-11-18,26.18
1999-11-19,26.29
1999-11-22,26.08
1999-11-23,26.17
1999-11-24,25.94
1999-11-25,25.8
1999-11-26,26.06
1999-11-29,25.9
1999-11-30,25.8
1999-12-01,25
1999-12-02,22.5
1999-12-03,22.15
1999-12-06,21.71
1999-12-07,20.99
1999-12-08,21.2
1999-12-09,22.17
1999-12-10,21.65
1999-12-13,21.9
1999-12-14,21.68
1999-12-15,21.82
1999-12-16,21.28
1999-12-17,21.35
1999-12-21,20.8
1999-12-22,20.99
1999-12-23,20.23
1999-12-24,19.78
1999-12-27,19.87
1999-12-28,19.7
1999-12-29,20.06
1999-12-30,20
2000-01-04,20.47
2000-01-05,20.78
2000-01-06,21.78
2000-01-07,22.7
2000-01-10,22.71
2000-01-11,21.01
2000-01-12,20.95
2000-01-13,20.5
2000-01-14,20.39
2000-01-17,20.65
2000-01-18,20.88
2000-01-19,22.3
2000-01-20,23.59
2000-01-21,22.98
2000-01-24,22.17
2000-01-25,23.08
2000-01-26,23.4
2000-01-27,22.79
2000-01-28,22.8
2000-02-14,25.08
2000-02-15,24.25
2000-02-16,23.35
2000-02-17,22.3
2000-02-18,22.79
2000-02-21,23.68
2000-02-22,22.6
2000-02-23,22.01
2000-02-24,22.2
2000-02-25,22
2000-02-28,22.16
2000-02-29,22.49
2000-03-01,22.1
2000-03-02,21.89
2000-03-03,22
2000-03-06,22.46
2000-03-07,22.9
2000-03-08,22.57
2000-03-09,22.22
2000-03-10,21.9
2000-03-13,21.68
2000-03-14,21.22
2000-03-15,20.85
2000-03-16,19.99
2000-03-17,20.78
2000-03-20,21.1
2000-03-21,20.94
2000-03-22,20.9
2000-03-23,22.99
2000-03-24,22.35
2000-03-27,23.85
2000-03-28,23.1
2000-03-29,22.35
2000-03-30,22.89
2000-03-31,22.31
2000-04-03,22.16
2000-04-04,22.39
2000-04-05,22.38
2000-04-06,22.68
2000-04-07,22.7
2000-04-10,22.77
2000-04-11,22.46
2000-04-12,22.26
2000-04-13,22.4
2000-04-14,22.64
2000-04-17,22.92
2000-04-18,22.75
2000-04-19,22.67
2000-04-20,22.91
2000-04-21,22.57
2000-04-24,22.36
2000-04-25,21.9
2000-04-26,21.98
2000-04-27,21.37
2000-04-28,22.15
2000-05-08,21.76
2000-05-09,21.2
2000-05-10,20.8
2000-05-11,20.76
2000-05-12,20.75
2000-05-15,21.2
2000-05-16,21.16
2000-05-17,21.25
2000-05-18,21.4
2000-05-19,21.29
2000-05-22,21.42
2000-05-23,21.2
2000-05-24,21.4
2000-05-25,22.38
2000-05-26,22.09
2000-05-29,22.3
2000-05-30,21.78
2000-05-31,21.68
2000-06-01,21.69
2000-06-02,21.52
2000-06-05,21.83
2000-06-06,22.03
2000-06-07,21.85
2000-06-08,21.78
2000-06-09,21.53
2000-06-12,21.42
2000-06-13,21.7
2000-06-14,22.09
2000-06-15,21.92
2000-06-19,22.2
2000-06-20,21.68
2000-06-21,21.69
2000-06-22,21.6
2000-06-23,21.75
2000-06-26,22.05
2000-06-27,22.16
2000-06-28,22.65
2000-06-29,22.4
2000-06-30,23.48
2000-07-03,23.32
2000-07-04,23.84
2000-07-05,23.74
2000-07-06,23.05
2000-07-07,23.19
2000-07-10,23.26
2000-07-11,23.13
2000-07-12,23.48
2000-07-13,23.9
2000-07-14,23.68
2000-07-17,23.96
2000-07-18,23.9
2000-07-19,23.69
2000-07-20,23.44
2000-07-21,23.16
2000-07-24,22.82
2000-07-25,23.01
2000-07-26,23
2000-07-27,22.82
2000-07-28,22.93
2000-07-31,22.72
2000-08-01,23.18
2000-08-02,23.07
2000-08-03,23.36
2000-08-04,23
2000-08-07,23.33
2000-08-08,23.67
2000-08-09,23.77
2000-08-10,23.55
2000-08-11,23.54
2000-08-14,23.34
2000-08-15,23.12
2000-08-16,23.08
2000-08-17,23
2000-08-18,23.15
2000-08-21,23.28
2000-08-22,23
2000-08-23,22.93
2000-08-24,23.57
2000-08-25,23.55
2000-08-28,23.63
2000-08-29,23.39
2000-08-30,22.98
2000-08-31,22.53
2000-09-01,22.33
2000-09-04,22.38
2000-09-05,21.9
2000-09-06,21.37
2000-09-07,21.4
2000-09-08,21.49
2000-09-11,21.72
2000-09-12,21.82
2000-09-13,21.9
2000-09-14,21.57
2000-09-15,21.7
2000-09-18,21.32
2000-09-19,20.6
2000-09-20,20.7
2000-09-21,20.8
2000-09-22,20.56
2000-09-25,20.55
2000-09-26,20.6
2000-09-27,21
2000-09-28,20.79
2000-09-29,20.93
2000-10-09,20.83
2000-10-10,21.05
2000-10-11,20.95
2000-10-12,20.63
2000-10-13,20.7
2000-10-16,20.1
2000-10-17,20.05
2000-10-18,20.25
2000-10-19,20.3
2000-10-20,20.81
2000-10-23,20.92
2000-10-24,20.95
2000-10-25,21.23
2000-10-26,21
2000-10-27,20.9
2000-10-30,20.7
2000-10-31,21.12
2000-11-01,21.4
2000-11-02,21.15
2000-11-03,21.15
2000-11-06,21.58
2000-11-07,21.54
2000-11-08,21.97
2000-11-09,22.39
2000-11-10,22.61
2000-11-13,22.92
2000-11-14,23.09
2000-11-15,23.87
2000-11-16,24.01
2000-11-17,23.59
2000-11-20,24
2000-11-21,23.74
2000-11-22,23.7
2000-11-23,23.46
2000-11-24,22.52
2000-11-27,22.95
2000-11-28,23.3
2000-11-29,25.3
2000-11-30,24.93
2000-12-01,24.8
2000-12-04,25.58
2000-12-05,25.18
2000-12-06,25.25
2000-12-07,24.64
2000-12-08,24.85
2000-12-11,24.2
2000-12-12,24.4
2000-12-13,24.73
2000-12-14,24.35
2000-12-15,24.16
2000-12-18,24.18
2000-12-19,24.01
2000-12-20,24.97
2000-12-21,24.88
2000-12-22,25.4
2000-12-25,25.5
2000-12-26,26.55
2000-12-27,26.08
2000-12-28,25.9
2000-12-29,26.2
2001-01-02,27
2001-01-03,26.9
2001-01-04,27.2
2001-01-05,27.9
2001-01-08,27.74
2001-01-09,27
2001-01-10,27.25
2001-01-11,26.5
2001-01-12,26.5
2001-01-15,25.72
2001-01-16,25.45
2001-01-17,25.19
2001-01-18,25.49
2001-01-19,26.29
2001-02-05,24.7
2001-02-06,24.65
2001-02-07,24.4
2001-02-08,23.15
2001-02-09,23.59
2001-02-12,23.84
2001-02-13,24.01
2001-02-14,23.97
2001-02-15,23.4
2001-02-16,23.4
2001-02-19,24
2001-02-20,23.58
2001-02-21,23.49
2001-02-22,23.55
2001-02-23,23.97
2001-02-26,24.6
2001-02-27,24.61
2001-02-28,24.67
2001-03-01,24.75
2001-03-02,24.77
2001-03-05,24.5
2001-03-06,24.48
2001-03-07,25.02
2001-03-08,24.99
2001-03-09,24.81
2001-03-12,25.13
2001-03-13,24.86
2001-03-14,25.05
2001-03-15,25.98
2001-03-16,25.54
2001-03-19,25.73
2001-03-20,25.74
2001-03-21,25.9
2001-03-22,25.54
2001-03-23,24.5
2001-03-26,25.05
2001-03-27,25.05
2001-03-28,25.26
2001-03-29,24.5
2001-03-30,24.5
2001-04-02,24.29
2001-04-03,24.6
2001-04-04,24.43
2001-04-05,24.65
2001-04-06,24.6
2001-04-09,24.41
2001-04-10,24.35
2001-04-11,24.13
2001-04-12,24.1
2001-04-13,24.22
2001-04-16,24.65
2001-04-17,24.45
2001-04-18,23.98
2001-04-19,23.88
2001-04-20,23.55
2001-04-23,23.34
2001-04-24,23.93
2001-04-25,24.07
2001-04-26,24.36
2001-04-27,24.23
2001-04-30,24.45
2001-05-08,24.9
2001-05-09,24.71
2001-05-10,25.11
2001-05-11,25.5
2001-05-14,25.3
2001-05-15,24.96
2001-05-16,25.19
2001-05-17,24.74
2001-05-18,24.74
2001-05-22,24.5
2001-05-23,24.3
2001-05-24,24.28
2001-05-25,24.36
2001-05-28,24.33
2001-05-29,24.9
2001-05-30,24.9
2001-05-31,25.18
2001-06-01,25.4
2001-06-04,25.91
2001-06-05,25.55
2001-06-06,25.3
2001-06-07,25.15
2001-06-08,25.05
2001-06-11,24.87
2001-06-12,25.05
2001-06-13,25.18
2001-06-14,24.7
2001-06-15,24.72
2001-06-18,24.16
2001-06-19,24.1
2001-06-20,24.2
2001-06-21,24.2
2001-06-22,24.2
2001-06-25,24.27
2001-06-26,24.3
2001-06-27,24.2
2001-06-28,24.03
2001-06-29,24.2
2001-07-02,23.82
2001-07-03,23.88
2001-07-04,23.88
2001-07-05,23.7
2001-07-06,23.65
2001-07-09,23.8
2001-07-10,23.99
2001-07-11,23.88
2001-07-12,23.9
2001-07-13,23.91
2001-07-16,23.98
2001-07-17,24.1
2001-07-18,24.55
2001-07-19,24.62
2001-07-20,24.77
2001-07-23,24.52
2001-07-24,24.48
2001-07-25,23.9
2001-07-26,23.48
2001-07-27,23.6
2001-07-30,22.4
2001-07-31,21
2001-08-01,21.76
2001-08-02,21.18
2001-08-03,21.51
2001-08-06,21.64
2001-08-07,21.95
2001-08-08,21.32
2001-08-09,21.44
2001-08-10,21.79
2001-08-13,21.99
2001-08-14,21.8
2001-08-15,21.86
2001-08-16,21.95
2001-08-17,21.89
2001-08-20,21.8
2001-08-21,21.8
2001-08-22,21.4
2001-08-23,20.93
2001-08-24,20
2001-08-27,19.45
2001-08-28,20
2001-08-29,20
2001-08-30,19.98
2001-08-31,19.73
2001-09-03,19.74
2001-09-04,20.01
2001-09-05,20
2001-09-06,20.21
2001-09-07,19.2
2001-09-10,20.4
2001-09-11,20.5
2001-09-12,20.1
2001-09-13,20.45
2001-09-14,19.86
2001-09-17,19.85
2001-09-18,19.95
2001-09-19,20.1
2001-09-20,20.84
2001-09-21,20.5
2001-09-24,20.58
2001-09-25,20.48
2001-09-26,20.22
2001-09-27,20.48
2001-09-28,20.3
2001-10-08,19.92
2001-10-09,19.72
2001-10-10,19
2001-10-11,18.9
2001-10-12,19.3
2001-10-15,19.58
2001-10-16,19.39
2001-10-17,18.95
2001-10-18,18.9
2001-10-19,18
2001-10-22,17.4
2001-10-23,19.14
2001-10-24,19.8
2001-10-25,20.24
2001-10-26,20.3
2001-10-29,20.2
2001-10-30,20
2001-10-31,19.91
2001-11-01,19.97
2001-11-02,20.05
2001-11-05,19.95
2001-11-06,19.9
2001-11-07,19
2001-11-08,19
2001-11-09,19.8
2001-11-12,19.42
2001-11-13,19.03
2001-11-14,19.11
2001-11-15,19.15
2001-11-16,19.35
2001-11-19,19.98
2001-11-20,20.56
2001-11-21,20.61
2001-11-22,20.6
2001-11-23,20.72
2001-11-26,20.69
2001-11-27,20.94
2001-11-28,21.48
2001-11-29,21.55
2001-11-30,21.95
2001-12-03,22
2001-12-04,21.74
2001-12-05,21.69
2001-12-06,21.75
2001-12-07,21.81
2001-12-10,21.74
2001-12-11,21.6
2001-12-12,21.51
2001-12-13,21.32
2001-12-14,21.39
2001-12-17,21.28
2001-12-18,21.58
2001-12-19,21.57
2001-12-20,19.99
2001-12-21,19.75
2001-12-24,18.99
2001-12-25,19.36
2001-12-26,19.54
2001-12-27,19.7
2001-12-28,20.02
2001-12-31,19.9
2002-01-04,19.63
2002-01-07,19.46
2002-01-08,19.46
2002-01-09,19.26
2002-01-10,19.44
2002-01-11,19.28
2002-01-14,18.86
2002-01-15,18.22
2002-01-16,18.6
2002-01-17,18.12
2002-01-18,18.71
2002-01-21,18.35
2002-01-22,18.54
2002-01-23,19.43
2002-01-24,19.45
2002-01-25,19.1
2002-01-28,18.29
2002-01-29,18.66
2002-01-30,18.69
2002-01-31,19.91
2002-02-01,19.97
2002-02-04,20
2002-02-05,20.23
2002-02-06,19.6
2002-02-07,19.91
2002-02-08,19.95
2002-02-25,20.1
2002-02-26,20.2
2002-02-27,20
2002-02-28,19.9
2002-03-01,19.7
2002-03-04,19.88
2002-03-05,20.54
2002-03-06,20.52
2002-03-07,20.62
2002-03-08,20.75
2002-03-11,20.9
2002-03-12,20.52
2002-03-13,20.52
2002-03-14,20.56
2002-03-15,20.43
2002-03-18,19.9
2002-03-19,19.83
2002-03-20,20.55
2002-03-21,20.41
2002-03-22,20.17
2002-03-25,20.1
2002-03-26,19.96
2002-03-27,20.1
2002-03-28,19.91
2002-03-29,19.36
2002-04-01,19.36
2002-04-02,19.2
2002-04-03,19.12
2002-04-04,19.5
2002-04-05,19.38
2002-04-08,19.47
2002-04-09,20.06
2002-04-10,20
2002-04-11,19.78
2002-04-12,19.8
2002-04-15,19.7
2002-04-16,19.51
2002-04-17,19.51
2002-04-18,19.5
2002-04-19,19.51
2002-04-22,19.55
2002-04-23,19.42
2002-04-24,19.18
2002-04-25,19.47
2002-04-26,19.66
2002-04-29,19.77
2002-04-30,19.76
2002-05-08,19.59
2002-05-09,19.32
2002-05-10,19.52
2002-05-13,19.4
2002-05-14,19.15
2002-05-15,18.99
2002-05-16,18.49
2002-05-17,18.54
2002-05-20,18.4
2002-05-21,18.49
2002-05-22,18.06
2002-05-23,18.05
2002-05-24,17.49
2002-05-27,17.69
2002-05-28,17.7
2002-05-29,17.3
2002-05-30,17.38
2002-05-31,17.41
2002-06-03,16.91
2002-06-04,16.96
2002-06-05,16.78
2002-06-06,17.69
2002-06-07,17.65
2002-06-10,17.6
2002-06-11,17.71
2002-06-12,17.62
2002-06-13,17.6
2002-06-14,17.3
2002-06-17,17.24
2002-06-18,17.46
2002-06-19,17.28
2002-06-20,17.28
2002-06-21,17.98
2002-06-25,19.78
2002-06-26,19.98
2002-06-27,19.4
2002-06-28,20.55
2002-07-01,20.35
2002-07-02,20.19
2002-07-03,20.07
2002-07-04,20.12
2002-07-05,20.08
2002-07-08,20.39
2002-07-09,20.26
2002-07-10,19.89
2002-07-11,19.95
2002-07-12,19.79
2002-07-15,19.79
2002-07-16,19.99
2002-07-17,19.86
2002-07-18,20.03
2002-07-19,20.05
2002-07-22,19.89
2002-07-23,20.18
2002-07-24,19.87
2002-07-25,19.86
2002-07-26,19.94
2002-07-29,19.35
2002-07-30,19.08
2002-07-31,18.7
2002-08-01,18.71
2002-08-02,18.63
2002-08-05,18.48
2002-08-06,18.35
2002-08-07,18.27
2002-08-08,18.24
2002-08-09,17.98
2002-08-12,17.86
2002-08-13,17.89
2002-08-14,18.17
2002-08-15,18.27
2002-08-16,17.87
2002-08-19,17.18
2002-08-20,17.46
2002-08-27,17.97
2002-08-28,17.96
2002-08-29,17.76
2002-08-30,17.99
2002-09-02,17.85
2002-09-03,17.88
2002-09-04,17.8
2002-09-05,17.6
2002-09-06,17.86
2002-09-09,18.04
2002-09-10,18.09
2002-09-11,18.06
2002-09-12,18.3
2002-09-13,18.4
2002-09-16,18.07
2002-09-17,18.18
2002-09-18,18.12
2002-09-19,18.27
2002-09-20,18.25
2002-09-23,18.23
2002-09-24,18.04
2002-09-25,18.23
2002-09-26,18.11
2002-09-27,18
2002-10-08,17.91
2002-10-09,18.11
2002-10-10,17.68
2002-10-11,17.34
2002-10-14,17.41
2002-10-15,17.52
2002-10-16,17.65
2002-10-17,17.57
2002-10-18,17.38
2002-10-21,17.22
2002-10-22,17.51
2002-10-23,17.51
2002-10-24,17.42
2002-10-25,17.57
2002-10-28,17.46
2002-10-29,17.36
2002-10-30,17.6
2002-10-31,17.58
2002-11-01,17.74
2002-11-04,17.8
2002-11-05,18.2
2002-11-06,18.01
2002-11-07,17.98
2002-11-08,17.97
2002-11-11,17.75
2002-11-12,17.97
2002-11-13,17.75
2002-11-14,17.74
2002-11-15,17.76
2002-11-18,17.69
2002-11-19,17.75
2002-11-20,17.7
2002-11-21,17.31
2002-11-22,17.12
2002-11-25,17.12
2002-11-26,17.13
2002-11-27,17.42
2002-11-28,17.64
2002-11-29,17.66
2002-12-02,17.36
2002-12-03,17.6
2002-12-04,17.66
2002-12-05,17.64
2002-12-06,17.61
2002-12-09,17.51
2002-12-10,17.53
2002-12-11,17.41
2002-12-12,17.3
2002-12-13,17.21
2002-12-16,17.19
2002-12-17,17.3
2002-12-18,17.29
2002-12-19,17.6
2002-12-20,17.9
2002-12-23,17.89
2002-12-24,18.29
2002-12-25,18.39
2002-12-26,18
2002-12-27,17.91
2002-12-30,17.78
2002-12-31,17.65
2003-01-02,17.26
2003-01-03,17.21
2003-01-06,17.19
2003-01-07,17.19
2003-01-08,17.39
2003-01-09,17.45
2003-01-10,17.48
2003-01-13,17.66
2003-01-14,18.08
2003-01-15,18
2003-01-16,18.83
2003-01-17,18.63
2003-01-20,18.51
2003-01-21,18.47
2003-01-22,18.56
2003-01-23,18.05
2003-01-24,18.36
2003-01-27,18.62
2003-01-28,18.79
2003-01-29,18.94
2003-02-10,18.79
2003-02-11,18.92
2003-02-12,19.39
2003-02-13,19.2
2003-02-14,19.2
2003-02-17,19.45
2003-02-18,19.39
2003-02-19,19.52
2003-02-20,19.62
2003-02-21,19.36
2003-02-24,19.44
2003-02-25,19.62
2003-02-26,19.64
2003-02-27,19.86
2003-02-28,19.99
2003-03-03,20.38
2003-03-04,20.44
2003-03-05,20.25
2003-03-06,19.89
2003-03-07,19.9
2003-03-10,19.32
2003-03-11,19.4
2003-03-12,19.25
2003-03-13,18.97
2003-03-14,19
2003-03-17,19.47
2003-03-18,19.26
2003-03-19,19.26
2003-03-20,19.54
2003-03-21,19.87
2003-03-24,20
2003-03-25,19.69
2003-03-26,19.85
2003-03-27,20.36
2003-03-28,20.45
2003-03-31,21.17
2003-04-01,21.78
2003-04-02,21.69
2003-04-03,21.79
2003-04-04,22.5
2003-04-07,22.34
2003-04-08,21.92
2003-04-09,21.6
2003-04-10,21.98
2003-04-11,22.5
2003-04-14,22.4
2003-04-15,23.23
2003-04-16,22.83
2003-04-17,22.75
2003-04-18,22.6
2003-04-21,21.78
2003-04-22,21.86
2003-04-23,21.98
2003-04-24,21.43
2003-04-25,21.74
2003-04-28,22.51
2003-04-29,22.59
2003-04-30,23.16
2003-05-12,23.43
2003-05-13,22.78
2003-05-14,23.24
2003-05-15,24.12
2003-05-16,23.99
2003-05-20,23.9
2003-05-21,23.9
2003-05-22,24.05
2003-05-23,24
2003-05-26,24.11
2003-05-27,23.92
2003-05-28,23.37
2003-05-29,23.5
2003-05-30,24.07
2003-06-02,24.29
2003-06-03,24.32
2003-06-04,24.05
2003-06-05,24.1
2003-06-06,23.92
2003-06-09,23.9
2003-06-10,23.54
2003-06-11,23.99
2003-06-12,24.01
2003-06-13,24
2003-06-16,23.77
2003-06-17,24
2003-06-18,23.82
2003-06-19,23.64
2003-06-20,23.52
2003-06-23,23.47
2003-06-24,23.27
2003-06-25,22.5
2003-06-26,22.77
2003-06-27,22.57
2003-06-30,22.68
2003-07-01,23.23
2003-07-02,23.4
2003-07-03,23.15
2003-07-04,24.32
2003-07-07,24.71
2003-07-08,24.89
2003-07-09,24.56
2003-07-10,12.9
2003-07-11,12.67
2003-07-14,13.06
2003-07-15,13.12
2003-07-16,13.18
2003-07-17,13.56
2003-07-18,13.52
2003-07-21,13.11
2003-07-22,13.17
2003-07-23,13
2003-07-24,13.22
2003-07-25,12.87
2003-07-28,12.97
2003-07-29,12.72
2003-07-30,12.54
2003-07-31,12.46
2003-08-01,12.51
2003-08-04,12.73
2003-08-05,12.7
2003-08-06,12.72
2003-08-07,12.75
2003-08-08,12.29
2003-08-11,12.2
2003-08-12,12.41
2003-08-13,12.19
2003-08-14,12.13
2003-08-15,12.01
2003-08-18,12.34
2003-08-19,12.21
2003-08-20,12.05
2003-08-21,12.05
2003-08-22,12.06
2003-08-25,12.15
2003-08-26,12.09
2003-08-27,12
2003-08-28,12.03
2003-08-29,12.11
2003-09-01,12.4
2003-09-02,12.39
2003-09-03,12.39
2003-09-04,12.36
2003-09-05,12.04
2003-09-08,11.99
2003-09-09,11.85
2003-09-10,11.9
2003-09-11,11.95
2003-09-12,11.79
2003-09-15,11.89
2003-09-16,11.86
2003-09-17,11.63
2003-09-18,11.63
2003-09-19,11.39
2003-09-22,11.27
2003-09-23,11.21
2003-09-24,11.21
2003-09-25,11.17
2003-09-26,11.17
2003-09-29,11.19
2003-09-30,11.25
2003-10-08,11.29
2003-10-09,11.3
2003-10-10,11.69
2003-10-13,11.59
2003-10-14,11.52
2003-10-15,11.42
2003-10-16,11.42
2003-10-17,11.42
2003-10-20,11.42
2003-10-21,11.73
2003-10-22,12.1
2003-10-23,12
2003-10-24,11.99
2003-10-27,12.04
2003-10-28,12.39
2003-10-29,12.45
2003-10-30,12.47
2003-10-31,12.26
2003-11-03,11.81
2003-11-04,11.4
2003-11-05,11.7
2003-11-06,11.7
2003-11-07,11.6
2003-11-10,11.05
2003-11-11,10.7
2003-11-12,10.47
2003-11-13,10.48
2003-11-14,10.64
2003-11-17,10.5
2003-11-18,10.42
2003-11-19,10.74
2003-11-20,10.8
2003-11-21,10.44
2003-11-24,10.6
2003-11-25,10.89
2003-11-26,11.05
2003-11-27,10.99
2003-11-28,11
2003-12-01,11.09
2003-12-02,11.01
2003-12-03,11.08
2003-12-04,11.47
2003-12-05,11.75
2003-12-08,11.64
2003-12-09,11.59
2003-12-10,11.7
2003-12-11,11.64
2003-12-12,11.63
2003-12-15,11.8
2003-12-16,11.85
2003-12-17,11.69
2003-12-18,11.58
2003-12-19,11.3
2003-12-22,11.16
2003-12-23,11.37
2003-12-24,11.36
2003-12-25,11.72
2003-12-26,11.63
2003-12-29,11.82
2003-12-30,11.99
2003-12-31,11.83
2004-01-02,11.55
2004-01-05,12.25
2004-01-06,12.67
2004-01-07,12.87
2004-01-08,12.9
2004-01-09,12.6
2004-01-12,13
2004-01-13,12.69
2004-01-14,12.62
2004-01-15,12.26
2004-01-16,12.41
2004-01-29,12.4
2004-01-30,12.02
2004-02-02,12.3
2004-02-03,12.42
2004-02-04,12.92
2004-02-05,12.75
2004-02-06,12.75
2004-02-09,12.73
2004-02-10,12.8
2004-02-11,12.67
2004-02-12,12.27
2004-02-13,12.16
2004-02-16,12.38
2004-02-17,12.36
2004-02-18,12.26
2004-02-19,12.17
2004-02-20,12.35
2004-02-23,12.31
2004-02-24,12.37
2004-02-25,12.15
2004-02-26,12.12
2004-02-27,12.31
2004-03-01,12.55
2004-03-02,12.49
2004-03-03,12.19
2004-03-04,12.2
2004-03-05,12.14
2004-03-08,12.15
2004-03-09,12.08
2004-03-10,12.14
2004-03-11,12.48
2004-03-12,12.49
2004-03-15,13.14
2004-03-16,13.5
2004-03-17,13.52
2004-03-18,13.2
2004-03-19,13.62
2004-03-22,13.52
2004-03-23,13.41
2004-03-24,13.61
2004-03-25,13.83
2004-03-26,13.9
2004-03-29,13.54
2004-03-30,13.61
2004-03-31,13.65
2004-04-01,13.78
2004-04-02,14.24
2004-04-05,14.48
2004-04-06,13.98
2004-04-07,14.11
2004-04-08,13.9
2004-04-09,13.45
2004-04-12,13.36
2004-04-13,13.58
2004-04-14,13.29
2004-04-15,13.19
2004-04-16,13.53
2004-04-19,13.34
2004-04-20,13.29
2004-04-21,12.99
2004-04-22,13.11
2004-04-23,13.07
2004-04-26,13.49
2004-04-27,13.75
2004-04-28,13.55
2004-04-29,13.22
2004-04-30,13.72
2004-05-10,13.42
2004-05-11,13.47
2004-05-12,13.74
2004-05-13,13.79
2004-05-14,13.29
2004-05-17,13.16
2004-05-18,13.05
2004-05-19,13.03
2004-05-20,13.1
2004-05-21,12.96
2004-05-24,13.1
2004-05-25,12.9
2004-05-26,12.87
2004-05-27,13.13
2004-05-28,13.15
2004-05-31,13.25
2004-06-01,13.46
2004-06-02,13.49
2004-06-03,13.4
2004-06-04,13.49
2004-06-07,13.24
2004-06-08,12.96
2004-06-09,12.96
2004-06-10,12.95
2004-06-11,12.54
2004-06-14,12.4
2004-06-15,12.62
2004-06-16,12.52
2004-06-17,11.27
2004-06-18,10.98
2004-06-21,10.66
2004-06-22,10.47
2004-06-23,10.2
2004-06-24,10.33
2004-06-25,10.16
2004-06-28,9.63
2004-06-30,10.13
2004-07-01,10.58
2004-07-02,10.89
2004-07-05,11.04
2004-07-06,10.89
2004-07-07,10.8
2004-07-08,10.85
2004-07-09,10.76
2004-07-12,10.84
2004-07-13,10.79
2004-07-14,10.59
2004-07-15,10.1
2004-07-16,10.41
2004-07-19,10.4
2004-07-20,10.3
2004-07-21,9.8
2004-07-22,8.99
2004-07-23,9.06
2004-07-26,9
2004-07-27,8.85
2004-07-28,9.1
2004-07-29,9.21
2004-07-30,9.09
2004-08-02,9.12
2004-08-04,9.32
2004-08-05,9.32
2004-08-06,9.37
2004-08-09,9.51
2004-08-10,9.63
2004-08-11,9.44
2004-08-12,9.25
2004-08-13,9.5
2004-08-16,9.6
2004-08-17,9.6
2004-08-18,9.58
2004-08-19,9.58
2004-08-20,9.53
2004-08-23,9.66
2004-08-24,9.7
2004-08-25,9.86
2004-08-26,10
2004-08-27,9.85
2004-08-30,9.74
2004-08-31,9.98
2004-09-01,9.82
2004-09-02,9.87
2004-09-03,9.94
2004-09-06,10
2004-09-07,10.03
2004-09-08,9.97
2004-09-09,9.78
2004-09-10,9.6
2004-09-13,9.49
2004-09-14,9.79
2004-09-15,10.25
2004-09-16,10.36
2004-09-17,10.9
2004-09-20,11.19
2004-09-21,11.17
2004-09-22,11.44
2004-09-23,11.73
2004-09-24,11.88
2004-09-27,11.88
2004-09-28,12.16
2004-09-29,12.17
2004-09-30,11.9
2004-10-08,12.28
2004-10-11,12.31
2004-10-12,12
2004-10-13,11.72
2004-10-14,11.06
2004-10-15,11.25
2004-10-18,11.5
2004-10-20,11.68
2004-10-21,12.5
2004-10-22,12.77
2004-10-25,13.1
2004-10-26,13.28
2004-10-27,11.95
2004-10-28,11.84
2004-10-29,11.83
2004-11-01,11.83
2004-11-02,11.17
2004-11-03,11.28
2004-11-04,11.31
2004-11-05,11.2
2004-11-08,11.3
2004-11-09,11.2
2004-11-10,11.35
2004-11-11,11.48
2004-11-12,11.69
2004-11-15,11.94
2004-11-16,11.86
2004-11-17,11.58
2004-11-18,11.69
2004-11-19,11.63
2004-11-22,11.26
2004-11-23,10.96
2004-11-24,11.04
2004-11-25,10.99
2004-11-26,11.01
2004-11-29,10.61
2004-11-30,10.54
2004-12-01,10.57
2004-12-02,10.34
2004-12-03,10.69
2004-12-06,10.68
2004-12-07,10.81
2004-12-08,10.73
2004-12-09,10.94
2004-12-10,11.04
2004-12-13,11.01
2004-12-14,11.08
2004-12-15,10.92
2004-12-16,10.92
2004-12-17,10.86
2004-12-20,9.77
2004-12-22,9.82
2004-12-23,9.39
2004-12-24,9.02
2004-12-27,9.3
2004-12-28,9.29
2004-12-29,9.1
2004-12-30,9.15
2004-12-31,9.16
2005-01-04,8.97
2005-01-05,8.99
2005-01-06,9.07
2005-01-07,9.24
2005-01-10,9.62
2005-01-11,9.68
2005-01-12,9.67
2005-01-13,9.68
2005-01-14,9.6
2005-01-17,9.58
2005-01-18,9.8
2005-01-19,9.75
2005-01-20,9.7
2005-01-21,9.72
2005-01-24,9.8
2005-01-25,9.89
2005-01-26,10.29
2005-01-27,10.12
2005-01-28,10.2
2005-01-31,10.2
2005-02-01,9.98
2005-02-02,10.29
2005-02-03,10.47
2005-02-04,11.04
2005-02-16,11
2005-02-17,10.9
2005-02-18,10.7
2005-02-21,11.03
2005-02-22,11.31
2005-02-23,11.5
2005-02-24,11.41
2005-02-25,11.57
2005-02-28,11.55
2005-03-01,11.4
2005-03-02,11.28
2005-03-04,11.24
2005-03-07,11.42
2005-03-08,12.16
2005-03-09,12.27
2005-03-10,12.04
2005-03-11,11.85
2005-03-14,12.65
2005-03-15,12.87
2005-03-16,12.68
2005-03-17,12.71
2005-03-18,12.6
2005-03-21,13.14
2005-03-22,13.24
2005-03-23,13.41
2005-03-24,13.11
2005-03-25,13.13
2005-03-28,13.21
2005-03-29,13.09
2005-03-30,12.9
2005-03-31,12.82
2005-04-01,13.34
2005-04-04,12.88
2005-04-05,12.74
2005-04-06,12.94
2005-04-07,13.8
2005-04-08,13.86
2005-04-11,13.98
2005-04-12,14
2005-04-13,13.77
2005-04-14,13.59
2005-04-15,13.6
2005-04-18,13.37
2005-04-19,13.38
2005-04-20,13.37
2005-04-21,13.32
2005-04-22,13.32
2005-04-25,13.79
2005-04-26,14.06
2005-04-27,14.16
2005-04-28,14.63
2005-04-29,14.55
2005-05-09,13.95
2005-05-10,14.04
2005-05-11,13.91
2005-05-12,13.46
2005-05-13,13.2
2005-05-16,13.32
2005-05-17,13.57
2005-05-18,13.01
2005-05-19,13.09
2005-05-20,13.4
2005-05-23,13.4
2005-05-24,13.07
2005-05-25,13
2005-05-26,12.36
2005-05-27,11.98
2005-05-30,12.64
2005-05-31,13.03
2005-06-01,12.71
2005-06-02,12.46
2005-06-03,12.35
2005-06-06,13.05
2005-06-07,13.38
2005-06-08,14.72
2005-06-09,14.2
2005-06-10,13.8
2005-06-13,13.63
2005-06-14,13.58
2005-06-15,13.49
2005-06-16,13.88
2005-06-17,13.55
2005-06-21,13.48
2005-06-22,13.8
2005-06-23,13.93
2005-06-24,14.06
2005-06-27,13.38
2005-06-28,13.51
2005-06-29,13.39
2005-06-30,13.15
2005-07-01,13.09
2005-07-04,13.22
2005-07-05,13.26
2005-07-06,13.2
2005-07-07,12.98
2005-07-08,13.31
2005-07-11,13.3
2005-07-12,13.6
2005-07-13,13.5
2005-07-14,13.44
2005-07-15,13.44
2005-07-18,13.41
2005-07-19,13.17
2005-07-20,13.46
2005-07-21,13.39
2005-07-22,13.66
2005-07-25,13.46
2005-07-26,13.78
2005-07-27,13.75
2005-07-28,13.77
2005-07-29,13.74
2005-08-01,13.84
2005-08-02,13.91
2005-08-03,13.96
2005-08-04,13.89
2005-08-05,13.54
2005-08-08,13.46
2005-08-09,13.3
2005-08-10,13.3
2005-08-11,13.58
2005-08-12,13.2
2005-08-15,13.19
2005-08-16,13.33
2005-08-17,13.25
2005-08-18,13.18
2005-08-19,13.16
2005-08-22,13.22
2005-08-23,13.26
2005-08-24,13.21
2005-08-25,13.13
2005-08-26,12.99
2005-08-29,12.84
2005-08-30,12.68
2005-08-31,12.86
2005-09-01,12.8
2005-09-02,13.2
2005-09-05,13.52
2005-09-06,13.43
2005-09-07,13.53
2005-09-08,13.57
2005-09-09,13.56
2005-09-12,13.26
2005-09-13,13.24
2005-09-14,13
2005-09-15,13.02
2005-09-16,12.98
2005-09-19,12.99
2005-09-20,13.07
2005-09-21,13.03
2005-09-22,12.87
2005-09-23,12.76
2005-09-26,12.87
2005-09-27,13.1
2005-09-28,13.2
2005-09-29,13.21
2005-09-30,13.22
2005-10-10,13.34
2005-10-11,13.38
2005-10-12,13.81
2005-10-13,13.78
2005-10-14,13.69
2005-10-17,13.79
2005-10-18,14.41
2005-10-19,14.48
2005-10-20,14.4
2005-10-21,14.59
2005-10-24,15.01
2005-10-25,14.8
2005-10-26,14.55
2005-10-27,14.31
2005-10-28,14.5
2005-10-31,14.92
2005-11-01,14.86
2005-11-02,14.89
2005-11-03,14.15
2005-11-04,14.37
2005-11-07,14.3
2005-11-08,14.24
2005-11-09,14.3
2005-11-10,13.97
2005-11-11,14.14
2005-11-14,14.04
2005-11-15,14.05
2005-11-16,13.78
2005-11-17,13.69
2005-11-18,13.98
2005-11-21,14.07
2005-11-22,14.11
2005-11-23,14.31
2005-11-24,14.29
2005-11-25,14.35
2005-11-28,14.25
2005-11-29,14.14
2005-11-30,13.87
2005-12-01,13.84
2005-12-02,13.55
2005-12-05,13.43
2005-12-06,13.37
2005-12-07,13.4
2005-12-08,13.67
2005-12-09,13.99
2005-12-12,13.89
2005-12-13,13.72
2005-12-14,13.86
2005-12-15,14.02
2005-12-16,14.12
2005-12-19,14.03
2005-12-20,14.35
2005-12-21,14.2
2005-12-22,14.41
2005-12-23,14.61
2005-12-26,14.63
2005-12-27,14.55
2005-12-28,14.45
2005-12-29,14.67
2005-12-30,14.74
2006-01-04,14.68
2006-01-05,14.71
2006-01-06,14.71
2006-01-09,15.53
2006-01-10,15.25
2006-01-11,15.55
2006-01-12,15.62
2006-01-13,15.89
2006-01-16,15.28
2006-01-17,15.6
2006-01-18,15.95
2006-01-19,15.75
2006-01-20,16.22
2006-01-23,16.07
2006-01-24,15.95
2006-01-25,16.76
2006-02-06,18.29
2006-02-07,18.01
2006-02-08,17.76
2006-02-09,17.64
2006-02-10,18.8
2006-02-13,18.43
2006-02-14,18.45
2006-02-15,17.99
2006-02-16,17.48
2006-02-17,17.76
2006-03-09,17.24
2006-03-10,17.85
2006-04-24,17.71
2006-04-25,17.09
2006-04-26,16.56
2006-04-27,16.25
2006-04-28,17.88
2006-05-08,19.14
2006-05-09,19.22
2006-05-10,18.71
2006-05-11,18.65
2006-05-12,19.65
2006-05-15,21.46
2006-05-16,20.35
2006-05-17,19.21
2006-05-18,19.64
2006-05-19,19.55
2006-05-22,18.5
2006-05-23,17.43
2006-05-24,18.45
2006-05-25,18.18
2006-05-26,18.69
2006-05-29,20
2006-05-30,20.17
2006-05-31,19.63
2006-06-01,21.59
2006-06-02,22.14
2006-06-05,21.92
2006-06-06,20.8
2006-06-07,20.08
2006-06-08,20.1
2006-06-09,19.92
2006-06-12,21.21
2006-06-13,21.24
2006-06-14,22.23
2006-06-15,21.93
2006-06-16,22.78
2006-06-19,23.75
2006-06-20,23.81
2006-06-21,23.63
2006-06-22,23.41
2006-06-23,23.87
2006-06-26,24.39
2006-06-27,24.16
2006-06-28,23.1
2006-06-29,23.12
2006-06-30,22.79
2006-07-03,23
2006-07-04,23
2006-07-05,22.71
2006-07-06,23.08
2006-07-07,22.5
2006-07-10,22.65
2006-07-11,22.64
2006-07-12,22.34
2006-07-13,21.68
2006-07-14,21.47
2006-07-17,21.65
2006-07-18,21.94
2006-07-19,21.3
2006-07-20,21.72
2006-07-21,21.74
2006-07-24,23.01
2006-07-25,23.07
2006-07-26,22.95
2006-07-27,22.55
2006-07-28,22.38
2006-07-31,21.51
2006-08-01,21.53
2006-08-02,20.74
2006-08-03,20.21
2006-08-04,19.58
2006-08-07,19.66
2006-08-08,20.36
2006-08-09,20.2
2006-08-10,20.28
2006-08-11,20.08
2006-08-14,19.19
2006-08-15,18.88
2006-08-16,18.85
2006-08-17,19.13
2006-08-18,20.31
2006-08-21,21
2006-08-22,19.76
2006-08-23,18.99
2006-08-24,18.89
2006-08-25,18.88
2006-08-28,19.44
2006-08-29,19.62
2006-08-30,19.23
2006-08-31,19.4
2006-09-01,19.92
2006-09-04,19.82
2006-09-05,19.39
2006-09-06,19.35
2006-09-07,19.16
2006-09-08,19.19
2006-09-11,19.05
2006-09-12,19.34
2006-09-13,19.06
2006-09-14,19.11
2006-09-15,19.36
2006-09-18,19.36
2006-09-19,20.15
2006-09-20,20.27
2006-09-21,21.26
2006-09-22,21.69
2006-09-25,22.33
2006-09-26,21.05
2006-09-27,20.65
2006-09-28,20.89
2006-09-29,20.9
2006-10-09,20.99
2006-10-10,21.32
2006-10-11,20.78
2006-10-12,20.78
2006-10-13,20.2
2006-10-16,19.54
2006-10-17,19.8
2006-10-18,20.21
2006-10-19,20.18
2006-10-20,20.06
2006-10-23,19.33
2006-10-24,19.6
2006-10-25,20.3
2006-10-26,19.96
2006-10-27,19.59
2006-10-30,19.4
2006-10-31,19.36
2006-11-01,20.44
2006-11-02,21.13
2006-11-03,22.83
2006-11-06,22.68
2006-11-07,23.94
2006-11-08,23.27
2006-11-09,20.94
2006-11-10,18.85
2006-11-13,18.5
2006-11-14,18.23
2006-11-15,18.23
2006-11-16,18.53
2006-11-17,19.14
2006-11-20,18.67
2006-11-21,19.73
2006-11-22,19.55
2006-11-23,19.3
2006-11-24,19.51
2006-11-27,20.07
2006-11-28,19.86
2006-11-29,20.15
2006-11-30,20.53
2006-12-01,20.97
2006-12-04,20.98
2006-12-05,20.98
2006-12-06,20.27
2006-12-07,19.71
2006-12-08,19.51
2006-12-11,19.9
2006-12-12,21.14
2006-12-13,20.83
2006-12-14,21.68
2006-12-15,21.89
2006-12-18,22.65
2006-12-19,23.79
2006-12-20,23.6
2006-12-21,23.73
2006-12-22,22.94
2006-12-25,24.96
2006-12-26,25.09
2006-12-27,27
2006-12-29,26.5
2007-01-04,25.75
2007-01-05,24.95
2007-01-08,25.28
2007-01-09,25.92
2007-01-10,25.89
2007-01-11,26.33
2007-01-12,27.6
2007-01-15,28.76
2007-01-16,29.5
2007-01-17,29.1
2007-01-18,30.44
2007-01-19,31.86
2007-01-22,32.1
2007-01-23,30.52
2007-01-24,29.82
2007-01-25,29.72
2007-01-26,30.03
2007-01-29,29.86
2007-01-30,28.98
2007-01-31,26.65
2007-02-01,27.51
2007-02-02,25.71
2007-02-05,25.96
2007-02-06,26.24
2007-02-07,26.96
2007-02-08,26.95
2007-02-09,27.4
2007-02-12,27.86
2007-02-13,28.47
2007-02-14,28.52
2007-02-15,30.83
2007-02-16,30.18
2007-02-26,29.85
2007-02-27,26.87
2007-02-28,26.88
2007-03-01,25.54
2007-03-02,25.54
2007-03-05,24.99
2007-03-06,25.83
2007-03-07,26.11
2007-03-08,26.72
2007-03-09,26.15
2007-03-12,25.43
2007-03-13,25.59
2007-03-14,25.18
2007-03-15,25.51
2007-03-16,26.01
2007-03-19,25.89
2007-03-20,25.7
2007-03-21,26.08
2007-03-22,26.88
2007-03-23,26.38
2007-03-26,26.79
2007-03-27,27.32
2007-03-28,26.54
2007-03-29,26.04
2007-03-30,25.5
2007-04-02,25.94
2007-04-03,26.79
2007-04-04,27.16
2007-04-05,27.98
2007-04-06,27.9
2007-04-09,27.55
2007-04-10,28.16
2007-04-11,28.32
2007-04-12,28.56
2007-04-13,28.94
2007-04-16,29.35
2007-04-17,28.84
2007-04-18,28.32
2007-04-19,26.77
2007-04-20,28.16
2007-04-23,29.1
2007-04-24,29.43
2007-04-25,29.29
2007-04-26,29.6
2007-04-27,28.66
2007-04-30,28.65
2007-05-08,31.32
2007-05-09,31.41
2007-05-10,31.14
2007-05-11,30
2007-05-14,30.1
2007-05-15,31.1
2007-05-16,34.21
2007-05-17,34.4
2007-05-18,36.01
2007-05-22,35.01
2007-05-23,35.48
2007-05-24,34.39
2007-05-25,34.71
2007-05-28,35.5
2007-05-29,37.26
2007-05-30,34.65
2007-05-31,35.19
2007-06-01,34.53
2007-06-04,31.08
2007-06-05,30.88
2007-06-06,31.33
2007-06-07,32.87
2007-06-08,32.62
2007-06-11,33.27
2007-06-12,34.44
2007-06-13,35.23
2007-06-14,34.76
2007-06-15,34.68
2007-06-18,35.46
2007-06-19,35.85
2007-06-20,34.92
2007-06-21,35.1
2007-06-22,33.37
2007-06-25,31.58
2007-06-26,32.57
2007-06-27,33.41
2007-06-28,31.66
2007-06-29,31.16
2007-07-02,31.09
2007-07-03,31.97
2007-07-04,31.87
2007-07-05,29.71
2007-07-06,31.01
2007-07-09,31.28
2007-07-10,30
2007-07-11,30.42
2007-07-12,30.47
2007-07-13,29.9
2007-07-16,28.39
2007-07-17,28.2
2007-07-18,28
2007-07-19,28.48
2007-07-20,29.04
2007-07-23,30.39
2007-07-24,29.89
2007-07-25,30.46
2007-07-26,30.79
2007-07-27,31.11
2007-07-30,31.39
2007-07-31,32.25
2007-08-01,30.65
2007-08-02,31.72
2007-08-03,32.91
2007-08-06,34.24
2007-08-07,33.74
2007-08-08,34.16
2007-08-09,33.95
2007-08-10,32.88
2007-08-13,32.74
2007-08-14,32.83
2007-08-15,32.02
2007-08-16,31.29
2007-08-17,31.19
2007-08-20,32.3
2007-08-21,32.78
2007-08-22,33.41
2007-08-23,33.94
2007-08-24,34.29
2007-08-27,35.74
2007-08-28,34.82
2007-08-29,33.9
2007-08-30,34.19
2007-08-31,33.87
2007-09-03,34.2
2007-09-04,33.68
2007-09-05,35.36
2007-09-06,34.92
2007-09-07,33.52
2007-09-10,33.68
2007-09-11,32.07
2007-09-12,32.5
2007-09-13,33.32
2007-09-14,34.34
2007-09-17,35.34
2007-09-18,34.78
2007-09-19,35.46
2007-09-20,35.71
2007-09-21,34.43
2007-09-24,34.2
2007-09-25,33.32
2007-09-26,33.7
2007-09-27,33.48
2007-09-28,33.89
2007-10-08,33.8
2007-10-09,35.2
2007-10-10,34.5
2007-10-11,34.29
2007-10-12,34.03
2007-10-15,35.73
2007-10-16,36.29
2007-10-17,35.28
2007-10-18,33.73
2007-10-19,33.69
2007-10-22,32.14
2007-10-23,32.47
2007-10-24,31.95
2007-10-25,29.41
2007-10-26,28.56
2007-10-29,29.5
2007-10-30,29.6
2007-10-31,30.41
2007-11-01,29.53
2007-11-02,28.4
2007-11-05,29.61
2007-11-06,28.96
2007-11-07,28.98
2007-11-08,28.57
2007-11-09,26.6
2007-11-12,26.03
2007-11-14,27.06
2007-11-15,26.07
2007-11-16,26.79
2007-11-19,27.33
2007-11-20,27.54
2007-11-21,27.18
2007-11-22,25.34
2007-11-23,25.71
2007-11-26,25.29
2007-11-27,25.38
2007-11-28,25.21
2007-11-29,26.3
2007-11-30,25.66
2007-12-03,25.98
2007-12-04,25.8
2007-12-05,26.31
2007-12-06,26.48
2007-12-07,26.72
2007-12-10,27.49
2007-12-11,27.98
2007-12-12,28
2007-12-13,27.52
2007-12-14,28.57
2007-12-17,29.03
2007-12-18,28.1
2007-12-19,28.49
2007-12-20,29.01
2007-12-21,29.32
2007-12-24,29.55
2007-12-25,30.15
2007-12-26,30.2
2007-12-27,29.77
2007-12-28,29.33
2008-01-02,31.85
2008-01-03,32.38
2008-01-04,32.47
2008-01-07,33.14
2008-01-08,31.93
2008-01-09,32.44
2008-01-10,32.27
2008-01-11,32.85
2008-01-14,32.86
2008-01-15,33.57
2008-01-16,32.11
2008-01-17,30.01
2008-01-18,30.03
2008-01-21,29.21
2008-01-22,26.88
2008-01-23,28.37
2008-01-24,28.75
2008-01-25,28.69
2008-01-28,26.3
2008-01-29,26.92
2008-01-30,26.91
2008-01-31,24.22
2008-02-01,23.53
2008-02-04,25.18
2008-02-05,24.61
2008-02-13,25.61
2008-02-14,25.5
2008-02-15,24.91
2008-02-18,25.49
2008-02-19,25.74
2008-02-20,25.06
2008-02-21,25.27
2008-02-22,24.09
2008-02-25,22.95
2008-02-26,23.27
2008-02-27,23.82
2008-02-28,23.82
2008-02-29,23.99
2008-03-03,24.78
2008-03-04,24.35
2008-03-05,23.78
2008-03-06,24.87
2008-03-07,24.6
2008-03-10,23.65
2008-03-11,24
2008-03-12,23.7
2008-03-13,21.73
2008-03-14,21.33
2008-03-17,20.9
2008-03-18,19.99
2008-03-19,20.46
2008-03-20,21.7
2008-03-21,21.93
2008-03-24,20.84
2008-03-25,21.35
2008-03-26,21.08
2008-03-27,20.52
2008-03-28,21.49
2008-04-01,19.76
2008-04-02,19.45
2008-04-03,20.09
2008-04-07,21.38
2008-04-08,21.71
2008-04-09,20.74
2008-04-10,21.12
2008-04-11,21.2
2008-04-14,19.79
2008-04-15,20.34
2008-04-16,19.88
2008-04-17,19.28
2008-04-18,18.54
2008-04-21,17.63
2008-04-22,17.69
2008-04-23,18.53
2008-04-24,20.37
2008-04-25,20.08
2008-04-28,20.83
2008-04-29,19.16
2008-04-30,21.08
2008-05-05,22.33
2008-05-06,22.42
2008-05-07,21.87
2008-05-08,22.72
2008-05-09,22.43
2008-05-12,22.67
2008-05-13,22.24
2008-05-14,22.74
2008-05-15,22.22
2008-05-16,21.69
2008-05-19,21.64
2008-05-20,20.5
2008-05-21,20.13
2008-05-22,16.61
2008-05-23,16.16
2008-05-26,15.72
2008-05-27,16.04
2008-05-28,16.5
2008-05-29,15.83
2008-05-30,16.12
2008-06-02,16.35
2008-06-03,16.38
2008-06-04,16.11
2008-06-05,16.46
2008-06-06,16.3
2008-06-10,14.72
2008-06-11,15.04
2008-06-12,15
2008-06-13,15.01
2008-06-16,15.25
2008-06-17,15.65
2008-06-18,16.24
2008-06-19,14.9
2008-06-20,15.88
2008-06-23,15.9
2008-06-24,16.38
2008-06-25,16.8
2008-06-26,16.71
2008-06-27,15.72
2008-06-30,16.33
2008-07-01,16.28
2008-07-02,16.89
2008-07-03,17.63
2008-07-04,17.3
2008-07-07,18.31
2008-07-08,18.24
2008-07-09,18.2
2008-07-10,17.71
2008-07-11,17.1
2008-07-14,17.37
2008-07-15,17.24
2008-07-16,16.55
2008-07-17,16.91
2008-07-18,17.18
2008-07-21,17.98
2008-07-22,17.8
2008-07-23,17.6
2008-07-24,17.78
2008-07-25,17.94
2008-07-28,17.92
2008-07-29,17.3
2008-07-30,17.09
2008-07-31,16.6
2008-08-01,16.83
2008-08-04,16.9
2008-08-05,16.15
2008-08-06,16.14
2008-08-07,16.4
2008-08-08,15.31
2008-08-11,14.7
2008-08-12,15.13
2008-08-13,15.28
2008-08-14,15.35
2008-08-15,15.41
2008-08-18,15.01
2008-08-19,15.08
2008-08-20,16.15
2008-08-21,15.79
2008-08-22,15.78
2008-08-25,15.74
2008-08-26,15.34
2008-08-27,15.01
2008-08-28,14.86
2008-08-29,15.33
2008-09-01,14.88
2008-09-02,14.8
2008-09-03,14.3
2008-09-04,14.41
2008-09-05,14.23
2008-09-08,14.19
2008-09-09,14.54
2008-09-10,14.54
2008-09-11,14.42
2008-09-12,14.28
2008-09-16,13.43
2008-09-17,12.09
2008-09-18,10.88
2008-09-22,11.03
2008-09-23,9.93
2008-09-24,9.03
2008-09-26,9.28
2008-10-06,9.81
2008-10-07,9.23
2008-10-08,8.69
2008-10-09,8
2008-10-10,7.2
2008-10-14,7.92
2008-10-15,7.39
2008-10-16,7.05
2008-10-17,7.32
2008-10-20,7.71
2008-10-21,7.43
2008-10-22,7.18
2008-10-23,7.4
2008-10-24,7.35
2008-10-27,6.63
2008-10-28,6.84
2008-10-29,6.82
2008-10-30,6.77
2008-10-31,6.89
2008-11-03,7.2
2008-11-04,7.06
2008-11-05,7.23
2008-11-06,6.89
2008-11-07,6.93
2008-11-10,7.31
2008-11-11,7.3
2008-11-12,7.27
2008-11-13,7.51
2008-11-14,8.14
2008-11-17,8.49
2008-11-18,7.64
2008-11-19,8.05
2008-11-20,8.58
2008-11-21,8.23
2008-11-24,7.75
2008-11-25,7.68
2008-11-26,7.73
2008-11-27,7.78
2008-11-28,7.72
2008-12-01,8.04
2008-12-02,8.71
2008-12-03,8.82
2008-12-04,8.83
2008-12-05,9.01
2008-12-08,9.26
2008-12-09,8.89
2008-12-10,9.68
2008-12-11,9.21
2008-12-12,8.71
2008-12-15,8.75
2008-12-16,8.91
2008-12-17,8.91
2008-12-18,8.91
2008-12-19,8.91
2008-12-22,9.1
2008-12-23,8.96
2008-12-24,8.67
2008-12-25,8.14
2008-12-26,8.07
2008-12-29,8.18
2008-12-30,7.96
2008-12-31,8
2009-01-05,8.21
2009-01-06,8.51
2009-01-07,8.52
2009-01-08,8.36
2009-01-09,8.35
2009-01-12,8.68
2009-01-13,8.42
2009-01-14,8.7
2009-01-15,8.81
2009-01-16,8.9
2009-01-19,8.86
2009-01-20,9.2
2009-01-21,9.11
2009-01-22,9.13
2009-01-23,9.19
2009-02-02,9.61
2009-02-03,10.04
2009-02-04,10.19
2009-02-05,9.87
2009-02-06,10.19
2009-02-09,10.89
2009-02-10,10.78
2009-02-11,10.49
2009-02-12,10.53
2009-02-13,10.74
2009-02-16,11.14
2009-02-17,11.11
2009-02-18,10.42
2009-02-19,10.35
2009-02-20,11.31
2009-02-23,12.44
2009-02-24,12.3
2009-02-25,12.6
2009-02-26,11.47
2009-02-27,11.38
2009-03-02,12
2009-03-03,11.7
2009-03-04,12.12
2009-03-05,11.84
2009-03-06,11.83
2009-03-09,11.61
2009-03-10,11.52
2009-03-11,11.35
2009-03-12,11.17
2009-03-13,11.51
2009-03-16,11.49
2009-03-17,11.79
2009-03-18,11.98
2009-03-19,12.64
2009-03-20,12.49
2009-03-23,12.72
2009-03-24,12.57
2009-03-25,12.13
2009-03-26,12.2
2009-03-27,12.05
2009-03-30,12.11
2009-03-31,12.31
2009-04-01,12.32
2009-04-02,12.31
2009-04-03,11.84
2009-04-07,11.76
2009-04-08,11.38
2009-04-09,11.48
2009-04-10,11.74
2009-04-13,12.11
2009-04-14,12.18
2009-04-15,12.23
2009-04-16,12.72
2009-04-17,13.34
2009-04-20,13.89
2009-04-21,14.02
2009-04-22,13.17
2009-04-23,14.3
2009-04-24,14.83
2009-04-27,14.77
2009-04-28,14.64
2009-04-29,14.93
2009-05-04,15
2009-05-05,15.31
2009-05-06,16.08
2009-05-07,16.34
2009-05-08,15.77
2009-05-11,14.98
2009-05-12,15.15
2009-05-13,14.99
2009-05-14,15.02
2009-05-15,15.05
2009-05-18,14.97
2009-05-19,15.18
2009-05-20,14.67
2009-05-21,14.16
2009-05-22,14.04
2009-05-26,14.51
2009-05-27,14.39
2009-06-01,14.59
2009-06-02,14.83
2009-06-03,14.57
2009-06-04,14.58
2009-06-05,14.94
2009-06-08,15.57
2009-06-09,15.82
2009-06-10,15.72
2009-06-11,15.53
2009-06-12,15.5
2009-06-15,15.86
2009-06-16,15.82
2009-06-17,15.66
2009-06-18,15.33
2009-06-19,15.18
2009-06-22,15.24
2009-06-23,15.42
2009-06-24,15.49
2009-06-25,15.22
2009-06-26,15.03
2009-06-29,14.85
2009-06-30,14.81
2009-07-01,14.89
2009-07-02,14.8
2009-07-03,14.86
2009-07-06,15.57
2009-07-07,15.85
2009-07-08,15.39
2009-07-09,15.7
2009-07-10,15.87
2009-07-13,16.41
2009-07-14,16.96
2009-07-15,16.71
2009-07-16,16.51
2009-07-17,16.79
2009-07-20,16.62
2009-07-21,16.09
2009-07-22,16.05
2009-07-23,16.57
2009-07-24,16.31
2009-07-27,16.4
2009-07-28,16.47
2009-07-29,15.96
2009-07-30,15.85
2009-07-31,16.03
2009-08-03,15.82
2009-08-04,16.21
2009-08-05,16.49
2009-08-06,16.42
2009-08-07,16.25
2009-08-10,16.63
2009-08-11,17.46
2009-08-12,17.42
2009-08-13,16.85
2009-08-14,16.32
2009-08-17,15.96
2009-08-18,16
2009-08-19,15.5
2009-08-20,15.94
2009-08-21,16.63
2009-08-24,16.69
2009-08-25,17.19
2009-08-26,17.38
2009-08-27,17.41
2009-08-28,16.77
2009-08-31,16.66
2009-09-01,16.52
2009-09-02,16.68
2009-09-03,16.91
2009-09-04,17.76
2009-09-07,18.52
2009-09-08,18.45
2009-09-09,18.67
2009-09-10,18.36
2009-09-11,18.99
2009-09-14,19.26
2009-09-15,19.12
2009-09-16,18.93
2009-09-17,19
2009-09-18,18.41
2009-09-21,18.71
2009-09-22,19.27
2009-09-23,19.31
2009-09-24,18.8
2009-09-25,19.22
2009-09-28,19.87
2009-09-29,19.71
2009-09-30,19.67
2009-10-09,20.65
2009-10-12,20.57
2009-10-13,20.75
2009-10-14,20.8
2009-10-15,20.67
2009-10-16,20.42
2009-10-19,20.48
2009-10-20,21.18
2009-10-21,20.94
2009-10-22,21.51
2009-10-23,21.69
2009-10-26,22.17
2009-10-27,21.81
2009-10-28,22.16
2009-10-29,22.06
2009-10-30,23.16
2009-11-02,24.32
2009-11-03,24.79
2009-11-04,25.01
2009-11-05,25.15
2009-11-06,24.98
2009-11-09,24.72
2009-11-10,25.96
2009-11-11,26.93
2009-11-12,26.75
2009-11-13,27.9
2009-11-16,28.07
2009-11-17,27.71
2009-11-18,28.03
2009-11-19,28.11
2009-11-20,27.85
2009-11-23,28.55
2009-11-24,27.12
2009-11-25,27.65
2009-11-26,26.31
2009-11-27,26.37
2009-11-30,27.69
2009-12-01,28.26
2009-12-02,28.37
2009-12-03,28.2
2009-12-04,27.33
2009-12-07,27.15
2009-12-08,27.28
2009-12-09,26.62
2009-12-10,26.71
2009-12-11,27.09
2009-12-14,26.88
2009-12-15,27.12
2009-12-16,26.53
2009-12-17,25.2
2009-12-18,24.83
2009-12-21,25.35
2009-12-22,25.17
2009-12-23,25.49
2009-12-24,26.48
2009-12-25,26.76
2009-12-28,27.04
2009-12-29,27
2009-12-30,26.49
2009-12-31,26.48
2010-01-04,26.61
2010-01-05,27.84
2010-01-06,27.42
2010-01-07,26.51
2010-01-08,26.69
2010-01-11,28.02
2010-01-12,29.03
2010-01-13,29.91
2010-01-14,30.87
2010-01-15,30.35
2010-01-18,31.87
2010-01-19,31.86
2010-01-20,30.94
2010-01-21,30.93
2010-01-22,30.43
2010-01-25,30.03
2010-01-26,28.83
2010-01-27,28.89
2010-01-28,29.69
2010-01-29,30.22
2010-02-01,30.49
2010-02-02,29.86
2010-02-03,28.73
2010-02-04,29.31
2010-02-05,28.85
2010-02-08,29.02
2010-02-09,29.05
2010-02-10,29.45
2010-02-11,29.22
2010-02-12,29.73
2010-02-22,28.95
2010-02-23,29.12
2010-02-24,30.58
2010-02-25,31.4
2010-02-26,31.41
2010-03-01,31.05
2010-03-02,30.88
2010-03-03,30.98
2010-03-04,30.44
2010-03-05,30.07
2010-03-08,29.58
2010-03-09,29.89
2010-03-10,30
2010-03-11,29.56
2010-03-12,29.05
2010-03-15,28.67
2010-03-16,28.87
2010-03-17,29.56
2010-03-18,29.09
2010-03-19,29.23
2010-03-22,29.36
2010-03-23,29.77
2010-03-24,29.82
2010-03-25,30.08
2010-03-26,30.34
2010-03-29,31.29
2010-03-30,32.32
2010-03-31,32.31
2010-04-01,33.53
2010-04-02,33.18
2010-04-06,32.72
2010-04-07,33.17
2010-04-08,33.92
2010-04-09,34.66
2010-04-12,35.68
2010-04-13,35.71
2010-04-14,35.7
2010-04-15,34.8
2010-04-16,34.79
2010-04-19,33.98
2010-04-20,35.68
2010-04-21,36.91
2010-04-22,36.78
2010-04-23,35.72
2010-04-26,34.29
2010-04-27,32.68
2010-04-28,33.24
2010-04-29,33.29
2010-04-30,33.16
2010-05-04,33.2
2010-05-05,33.87
2010-05-06,33.19
2010-05-07,32.4
2010-05-10,31.58
2010-05-11,30.76
2010-05-12,30.31
2010-05-13,31.6
2010-05-14,31.9
2010-05-17,30.33
2010-05-18,30.99
2010-05-19,32.29
2010-05-20,32.36
2010-05-21,33.03
2010-05-25,31.38
2010-05-26,29.81
2010-05-27,29.9
2010-05-28,28.63
2010-05-31,28.73
2010-06-01,28.91
2010-06-02,29.26
2010-06-03,28.92
2010-06-04,27.61
2010-06-07,28.09
2010-06-09,30.09
2010-06-10,30.03
2010-06-11,29.98
2010-06-17,29.89
2010-06-18,28.78
2010-06-21,29.62
2010-06-22,29.67
2010-06-23,30.11
2010-06-24,30.65
2010-06-25,31.28
2010-06-28,30.59
2010-06-29,29.4
2010-06-30,29.38
2010-07-01,29.17
2010-07-02,28.04
2010-07-05,28.18
2010-07-06,28.5
2010-07-07,28.99
2010-07-08,29.21
2010-07-09,29.44
2010-07-12,28.94
2010-07-13,29.02
2010-07-14,28.55
2010-07-15,28.04
2010-07-16,28.27
2010-07-19,29.01
2010-07-20,29.87
2010-07-21,30.06
2010-07-22,30.99
2010-07-23,31.91
2010-07-26,31.61
2010-07-27,32.29
2010-07-28,32.78
2010-07-29,32.8
2010-07-30,32.21
2010-08-02,32.87
2010-08-03,31.99
2010-08-04,31.83
2010-08-05,33.2
2010-08-06,34.07
2010-08-09,32.97
2010-08-10,31.99
2010-08-11,32.29
2010-08-12,32
2010-08-13,32.28
2010-08-16,33.44
2010-08-17,34.03
2010-08-18,33.58
2010-08-19,33.42
2010-08-20,32.78
2010-08-23,32.39
2010-08-24,32.27
2010-08-25,32.91
2010-08-26,31.96
2010-08-27,32.6
2010-08-30,35.19
2010-08-31,37.31
2010-09-01,37.06
2010-09-02,37.34
2010-09-03,37.86
2010-09-06,38.34
2010-09-07,37.53
2010-09-08,37.33
2010-09-09,37.42
2010-09-10,38.86
2010-09-13,38.96
2010-09-14,40.79
2010-09-15,39.53
2010-09-16,38.4
2010-09-17,40.59
2010-09-20,40.61
2010-09-21,39.76
2010-09-27,40.8
2010-09-28,42.18
2010-09-29,41.27
2010-09-30,41.93
2010-10-08,43.62
2010-10-11,40.9
2010-10-12,39.18
2010-10-13,39.65
2010-10-14,38.31
2010-10-15,37.02
2010-10-18,37.51
2010-10-19,38.7
2010-10-20,39.36
2010-10-21,38.58
2010-10-22,39.03
2010-10-25,38.81
2010-10-26,37.26
2010-10-27,37.79
2010-10-28,38
2010-10-29,40.32
2010-11-01,40.6
2010-11-02,39.6
2010-11-03,38.68
2010-11-04,38.87
2010-11-05,39
2010-11-08,39.97
2010-11-09,41.93
2010-11-10,43.09
2010-11-11,42.85
2010-11-12,41.45
2010-11-15,43.4
2010-11-16,41.99
2010-11-17,40
2010-11-18,39.74
2010-11-19,40.69
2010-11-22,41.77
2010-11-23,40.98
2010-11-24,43.13
2010-11-25,43.22
2010-11-26,43
2010-11-29,45.19
2010-11-30,45.98
2010-12-01,44.91
2010-12-02,41.96
2010-12-03,40.7
2010-12-06,39.92
2010-12-07,39.54
2010-12-08,40.43
2010-12-09,39.01
2010-12-10,40.27
2010-12-13,41.02
2010-12-14,40.46
2010-12-15,40.3
2010-12-16,39.28
2010-12-17,39.45
2010-12-20,38.08
2010-12-21,37.55
2010-12-22,37.95
2010-12-23,38.1
2010-12-24,37.61
2010-12-27,36.51
2010-12-28,37.08
2010-12-29,37.99
2010-12-30,38.04
2010-12-31,38.26
2011-01-04,39.15
2011-01-05,38.91
2011-01-06,36.88
2011-01-07,36.72
2011-01-10,35.79
2011-01-11,35.67
2011-01-12,35
2011-01-13,35.55
2011-01-14,35.02
2011-01-17,34.72
2011-01-18,35.27
2011-01-19,35.67
2011-01-20,34.9
2011-01-21,34.31
2011-01-24,34.76
2011-01-25,34.95
2011-01-26,35.19
2011-01-27,34.88
2011-01-28,35.15
2011-01-31,35.64
2011-02-01,35.3
2011-02-09,35.91
2011-02-10,37.35
2011-02-11,37.27
2011-02-14,37.26
2011-02-15,37.64
2011-02-16,37.54
2011-02-17,36.34
2011-02-18,35.83
2011-02-21,36.51
2011-02-22,35.99
2011-02-23,37.02
2011-02-24,37.58
2011-02-25,37.88
2011-02-28,38.36
2011-03-01,37.78
2011-03-02,37.87
2011-03-03,37.27
2011-03-04,37.64
2011-03-07,37.04
2011-03-08,36.73
2011-03-09,36.46
2011-03-10,36.99
2011-03-11,36.83
2011-03-14,38.1
2011-03-15,37.99
2011-03-16,38.07
2011-03-17,38.43
2011-03-18,37.39
2011-03-21,36.69
2011-03-22,36.62
2011-03-23,36.5
2011-03-24,36.31
2011-03-25,36.05
2011-03-28,34.44
2011-03-29,33.97
2011-03-30,33.56
2011-03-31,34.55
2011-04-01,34
2011-04-06,34.42
2011-04-07,34.74
2011-04-08,35.59
2011-04-11,35.58
2011-04-12,35.82
2011-04-13,36.48
2011-04-14,35.89
2011-04-15,36.06
2011-04-18,34.8
2011-04-19,34.9
2011-04-20,35.35
2011-04-21,35.23
2011-04-22,34.4
2011-04-25,35.06
2011-04-26,35.19
2011-04-27,34.82
2011-04-28,33.85
2011-04-29,34.02
2011-05-03,35.66
2011-05-04,36.8
2011-05-05,37.17
2011-05-06,37.37
2011-05-09,38
2011-05-10,37.72
2011-05-11,37.75
2011-05-19,35.24
2011-05-20,35.03
2011-05-23,33.92
2011-05-24,33.99
2011-05-26,34.85
2011-05-27,33.86
2011-05-30,34.67
2011-05-31,34.86
2011-06-01,34.96
2011-06-02,34.97
2011-06-03,35.98
2011-06-07,35.95
2011-06-08,36.24
2011-06-09,35.68
2011-06-10,36.17
2011-06-13,16.28
2011-06-15,16.2
2011-06-16,15.37
2011-06-17,15.43
2011-06-20,15.4
2011-06-21,15.59
2011-06-22,16.08
2011-06-23,16.05
2011-06-24,16.6
2011-06-27,16.49
2011-06-28,16.82
2011-06-29,16.57
2011-06-30,16.65
2011-07-01,17.29
2011-07-04,17.8
2011-07-05,17.83
2011-07-06,17.61
2011-07-07,17.58
2011-07-08,17.8
2011-07-11,18.13
2011-07-12,18.18
2011-07-13,18.91
2011-07-14,18.56
2011-07-15,18.96
2011-07-18,19.15
2011-07-19,19.27
2011-07-20,19.39
2011-07-21,19.93
2011-07-22,19.89
2011-07-25,19.36
2011-07-26,19.19
2011-07-27,19.15
2011-07-28,18.91
2011-07-29,18.81
2011-08-01,19.08
2011-08-02,18.81
2011-08-03,19.33
2011-08-04,19.81
2011-08-05,19.43
2011-08-08,19.21
2011-08-09,19.8
2011-08-10,19.98
2011-08-11,20.8
2011-08-12,21.14
2011-08-15,20.97
2011-08-16,20.6
2011-08-17,20.56
2011-08-18,20.59
2011-08-19,20.48
2011-08-22,19.8
2011-08-23,19.76
2011-08-24,19.98
2011-08-25,20.09
2011-08-26,19.88
2011-08-29,19.91
2011-08-30,20.18
2011-08-31,19.94
2011-09-01,19.38
2011-09-02,19.36
2011-09-05,18.91
2011-09-06,18.91
2011-09-07,19.26
2011-09-08,18.92
2011-09-09,18.14
2011-09-13,18.5
2011-09-14,19.05
2011-09-15,19.15
2011-09-16,19.13
2011-09-19,18.92
2011-09-20,18.99
2011-09-21,19.28
2011-09-22,18.96
2011-09-23,18.48
2011-09-26,18.21
2011-09-27,18.2
2011-09-28,18.06
2011-09-29,18
2011-09-30,18.3
2011-10-10,18.16
2011-10-11,18.12
2011-10-12,18.7
2011-10-13,19
2011-10-14,19
2011-10-17,19.45
2011-10-18,19.23
2011-10-19,19.32
2011-10-20,19.17
2011-10-21,19.08
2011-10-24,19.55
2011-10-25,19.63
2011-10-26,20.12
2011-10-27,20.22
2011-10-28,20.43
2011-10-31,20.97
2011-11-01,21.95
2011-11-02,22.66
2011-11-03,22.18
2011-11-04,22.22
2011-11-07,21.99
2011-11-08,21.92
2011-11-09,22.57
2011-11-10,22.29
2011-11-11,22.98
2011-11-14,23.24
2011-11-15,23.06
2011-11-16,22.11
2011-11-17,22.01
2011-11-18,21.94
2011-11-21,22.12
2011-11-22,22.62
2011-11-23,22.89
2011-11-24,23.01
2011-11-25,22.96
2011-11-28,22.47
2011-11-29,22.97
2011-11-30,22.18
2011-12-01,22.32
2011-12-02,22.19
2011-12-05,21.3
2011-12-06,21.06
2011-12-07,21.29
2011-12-08,21.52
2011-12-09,21.01
2011-12-12,21.22
2011-12-13,20.99
2011-12-14,20.4
2011-12-15,20.51
2011-12-16,20.41
2011-12-19,20.6
2011-12-20,20.78
2011-12-22,20.76
2011-12-23,20.91
2011-12-26,19.79
2011-12-27,19.18
2011-12-28,19.46
2011-12-29,19.92
2011-12-30,20.43
2012-01-04,19.73
2012-01-05,19.33
2012-01-06,19.66
2012-01-09,20.13
2012-01-10,20.58
2012-01-11,20.61
2012-01-12,20.5
2012-01-13,20.22
2012-01-16,19.01
2012-01-17,19.87
2012-01-18,19.14
2012-01-19,19.98
2012-01-20,20.54
2012-01-30,20.33
2012-01-31,20.44
2012-02-01,20.6
2012-02-02,20.92
2012-02-03,20.9
2012-02-06,21.56
2012-02-07,21.5
2012-02-08,21.8
2012-02-09,21.32
2012-02-10,21.76
2012-02-13,22.11
2012-02-14,22.09
2012-02-15,22.2
2012-02-16,21.78
2012-02-17,21.41
2012-02-20,21.49
2012-02-21,22.07
2012-02-22,22.34
2012-02-23,22.3
2012-02-24,22.49
2012-02-27,23
2012-02-28,23.2
2012-02-29,22.99
2012-03-01,22.65
2012-03-02,23.07
2012-03-05,22.89
2012-03-06,22.89
2012-03-07,23.66
2012-03-08,23.96
2012-03-09,24.18
2012-03-12,23.79
2012-03-13,24.35
2012-03-14,23.67
2012-03-15,23.09
2012-03-16,24.08
2012-03-19,23.92
2012-03-20,23.02
2012-03-22,22.58
2012-03-23,22.59
2012-03-26,22.93
2012-03-27,22.65
2012-03-28,22.18
2012-03-29,22
2012-03-30,22.04
2012-04-05,22.81
2012-04-06,22.91
2012-04-09,23.04
2012-04-10,23.02
2012-04-11,23.01
2012-04-12,23.08
2012-04-13,23.28
2012-04-16,23.17
2012-04-17,22.8
2012-04-18,22.94
2012-04-19,22.09
2012-04-20,22.3
2012-04-23,22.38
2012-04-24,22.19
2012-04-25,22.18
2012-04-26,21.91
2012-04-27,22.03
2012-05-02,22.26
2012-05-03,22.73
2012-05-04,23.42
2012-05-07,23.5
2012-05-08,23.33
2012-05-09,23
2012-05-10,22.9
2012-05-11,22.71
2012-05-14,22.37
2012-05-15,22.59
2012-05-16,22.37
2012-05-17,22.71
2012-05-18,22.45
2012-05-21,22.95
2012-05-22,23.16
2012-05-23,23.21
2012-05-24,22.94
2012-05-25,22.6
2012-05-28,22.74
2012-05-29,23.09
2012-05-30,22.66
2012-05-31,22.47
2012-06-01,22.39
2012-06-04,22.17
2012-06-05,22.69
2012-06-06,22.56
2012-06-07,22.57
2012-06-08,22.54
2012-06-11,22.87
2012-06-12,22.79
2012-06-13,24.03
2012-06-14,24.28
2012-06-15,21.85
2012-06-18,20.82
2012-06-19,21.15
2012-06-20,20.95
2012-06-21,20.9
2012-06-25,20.68
2012-06-26,20.7
2012-06-27,20.88
2012-06-28,20.65
2012-06-29,20.58
2012-07-02,20.42
2012-07-03,20.16
2012-07-04,20.62
2012-07-05,20.46
2012-07-06,21.27
2012-07-09,21.64
2012-07-10,21.7
2012-07-11,21.48
2012-07-12,21.86
2012-07-13,21.77
2012-07-16,19.59
2012-07-17,19.4
2012-07-18,19.75
2012-07-19,19.58
2012-07-20,19.4
2012-07-23,19.15
2012-07-24,19.52
2012-07-25,19.4
2012-07-26,19.13
2012-07-27,19.28
2012-07-30,19.37
2012-07-31,18.8
2012-08-01,19.05
2012-08-02,18.75
2012-08-03,18.57
2012-08-06,18.86
2012-08-07,18.87
2012-08-08,18.83
2012-08-09,19.52
2012-08-10,19.44
2012-08-13,19.44
2012-08-14,19.44
2012-08-15,19.02
2012-08-16,18.99
2012-08-17,18.8
2012-08-20,19.23
2012-08-21,20.13
2012-08-22,19.95
2012-08-23,20.29
2012-08-24,20.7
2012-08-27,20.68
2012-08-28,20.26
2012-08-29,20.4
2012-08-30,20.13
2012-08-31,20.12
2012-09-03,20.3
2012-09-04,20.26
2012-09-05,20.75
2012-09-06,20.64
2012-09-07,21.39
2012-09-10,21.2
2012-09-11,20.8
2012-09-12,20.99
2012-09-13,20.74
2012-09-14,20.8
2012-09-17,20.53
2012-09-18,20.47
2012-09-19,20.3
2012-09-20,20.01
2012-09-21,19.97
2012-09-24,20.13
2012-09-25,20.18
2012-09-26,20.06
2012-09-27,20.73
2012-09-28,21.3
2012-10-08,21.15
2012-10-09,21.44
2012-10-10,21.24
2012-10-11,21.14
2012-10-12,20.75
2012-10-15,20.68
2012-10-16,20.89
2012-10-17,20.69
2012-10-18,21.22
2012-10-19,21.3
2012-10-22,21.21
2012-10-23,21.06
2012-10-24,21.57
2012-10-25,21.2
2012-10-26,21.03
2012-10-29,20.84
2012-10-30,20.93
2012-10-31,21.69
2012-11-01,21.92
2012-11-02,22.14
2012-11-05,21.94
2012-11-06,21.8
2012-11-07,21.64
2012-11-08,21.66
2012-11-09,21.67
2012-11-12,20.99
2012-11-13,20.89
2012-11-14,21.19
2012-11-15,21.29
2012-11-16,21.21
2012-11-19,20.88
2012-11-20,20.07
2012-11-21,20.32
2012-11-22,19.96
2012-11-23,20.15
2012-11-26,20.25
2012-11-27,20.1
2012-11-28,20
2012-11-29,20
2012-11-30,19.88
2012-12-03,19.43
2012-12-04,19.32
2012-12-05,19.71
2012-12-06,19.45
2012-12-07,20.01
2012-12-10,20.16
2012-12-11,20.32
2012-12-12,20.3
2012-12-13,20.3
2012-12-14,20.79
2012-12-17,20.61
2012-12-18,20.16
2012-12-19,20.23
2012-12-20,20.18
2012-12-21,19.84
2012-12-24,19.87
2012-12-25,20.54
2012-12-26,20.94
2012-12-27,20.85
2012-12-28,21.07
2012-12-31,21.98
2013-01-04,22.35
2013-01-07,23.43
2013-01-08,23.45
2013-01-09,23.3
2013-01-10,23.46
2013-01-11,23.49
2013-01-14,24.91
2013-01-15,24.6
2013-01-16,25.89
2013-01-17,25.87
2013-01-18,26.62
2013-01-21,25.59
2013-01-22,25.6
2013-01-23,25.72
2013-01-24,25.52
2013-01-25,25.65
2013-01-28,26.45
2013-01-29,26.29
2013-01-30,25.89
2013-01-31,25.62
2013-02-01,26.94
2013-02-04,26.82
2013-02-05,28.13
2013-02-06,28.06
2013-02-07,28.78
2013-02-08,28.8
2013-02-18,28.05
2013-02-19,27.35
2013-02-20,28.52
2013-02-21,28.33
2013-02-22,27.8
2013-02-25,27.39
2013-02-26,26.88
2013-02-27,26.85
2013-02-28,27.57
2013-03-01,27.47
2013-03-04,28.14
2013-03-05,29.49
2013-03-06,29.91
2013-03-07,29.4
2013-03-08,28.52
2013-03-11,28.68
2013-03-12,28.99
2013-03-13,28.17
2013-03-14,29.05
2013-03-15,29.57
2013-03-18,30.97
2013-03-19,30.8
2013-03-20,31.75
2013-03-21,32.55
2013-03-22,32.14
2013-03-25,32.33
2013-03-26,33.18
2013-03-27,33.01
2013-03-28,32.33
2013-03-29,31.68
2013-04-01,31.56
2013-04-02,30.34
2013-04-03,30.18
2013-04-08,30.86
2013-04-09,30.3
2013-04-10,29.98
2013-04-11,29.78
2013-04-12,30.63
2013-04-15,29.96
2013-04-16,29.93
2013-04-17,31.36
2013-04-18,30.94
2013-04-19,31.4
2013-04-22,30.89
2013-04-23,29.67
2013-04-24,30.06
2013-04-25,30.45
2013-04-26,29.24
2013-05-02,28.47
2013-05-03,29.34
2013-05-06,29.84
2013-05-07,29.25
2013-05-08,29.65
2013-05-09,28.97
2013-05-10,28.96
2013-05-13,29.02
2013-05-14,29.01
2013-05-15,29.31
2013-05-16,29.92
2013-05-17,29.99
2013-05-20,30.82
2013-05-21,29.06
2013-05-22,28.44
2013-05-23,28.23
2013-05-24,27.53
2013-05-27,27.8
2013-05-28,28.75
2013-05-29,28.62
2013-05-30,28.6
2013-05-31,27.94
2013-06-03,28.69
2013-06-04,28.54
2013-06-05,28.59
2013-06-06,28.58
2013-06-07,27.77
2013-06-18,30.24
2013-06-19,31.36
2013-06-20,31.24
2013-06-21,31.52
2013-06-24,30.53
2013-06-25,32.28
2013-06-26,32.14
2013-06-27,31.55
2013-06-28,31.28
2013-07-01,33.8
2013-07-02,34.37
2013-07-03,35.53
2013-07-04,35.28
2013-07-08,34.92
2013-07-09,34.39
2013-07-10,34.27
2013-07-11,34.45
2013-07-12,35.47
2013-07-15,36.89
2013-07-16,36.52
2013-07-17,35.03
2013-07-18,35.03
2013-07-19,34.58
2013-07-22,35.37
2013-07-23,36.76
2013-07-24,37.36
2013-07-25,36.45
2013-07-26,36.53
2013-07-29,35.22
2013-07-30,35.41
2013-07-31,34.56
2013-08-01,35.36
2013-08-02,35.99
2013-08-05,37.09
2013-08-06,36.71
2013-08-07,36.98
2013-08-08,36.68
2013-08-09,37.03
2013-08-12,36.91
2013-08-13,35.74
2013-08-14,35.1
2013-08-15,34.89
2013-08-16,34.48
2013-08-19,35.57
2013-08-20,35.14
2013-08-21,34.55
2013-08-22,34.96
2013-08-23,34.58
2013-08-26,34.96
2013-08-27,35.32
2013-08-28,34.9
2013-08-29,34.88
2013-08-30,34.95
2013-09-02,37.12
2013-09-03,37.54
2013-09-04,37.63
2013-09-05,39.91
2013-09-06,39.64
2013-09-09,39.97
2013-09-10,40.74
2013-09-11,39.82
2013-09-12,39.1
2013-09-13,40.48
2013-09-16,39.79
2013-09-17,39.45
2013-09-18,40
2013-09-23,41.27
2013-09-24,43.75
2013-09-25,43.75
2013-09-26,44.85
2013-09-27,44.11
2013-09-30,44.68
2013-10-08,44.9
2013-10-09,46.31
2013-10-10,46.76
2013-10-11,46.36
2013-10-14,45.43
2013-10-15,46.74
2013-10-16,46.7
2013-10-17,46.65
2013-10-18,48.7
2013-10-21,51.29
2013-10-22,50.99
2013-10-23,48.9
2013-10-24,47.57
2013-10-25,45.44
2013-10-28,44.67
2013-10-29,44.03
2013-10-30,45.7
2013-10-31,41.13
2013-11-01,39.5
2013-11-04,39.59
2013-11-05,39.87
2013-11-06,39.37
2013-11-07,37.65
2013-11-08,37.51
2013-11-11,38.98
2013-11-12,39.88
2013-11-13,38.91
2013-11-14,40.91
2013-11-15,41.58
2013-11-18,42.29
2013-11-19,40.17
2013-11-20,40.2
2013-11-21,39.46
2013-11-22,39.31
2013-11-25,38.68
2013-11-26,39.03
2013-11-27,39.36
2013-11-28,40.51
2013-11-29,40.72
2013-12-02,38.92
2013-12-03,39.89
2013-12-04,40.72
2013-12-05,40.1
2013-12-06,39.37
2013-12-09,39.33
2013-12-10,39.2
2013-12-11,38.68
2013-12-12,38.82
2013-12-13,38.75
2013-12-16,38.91
2013-12-17,39.06
2013-12-18,39.68
2013-12-19,39.08
2013-12-20,41.45
2013-12-23,40.05
2013-12-24,38.79
2013-12-25,39.15
2013-12-26,39.7
2013-12-27,39.8
2013-12-30,39.48
2013-12-31,39.08
2014-01-02,36.93
2014-01-03,37.01
2014-01-06,36.92
2014-01-07,37.49
2014-01-08,39
2014-01-09,37.51
2014-01-10,39.01
2014-01-13,38.45
2014-01-14,38.74
2014-01-15,38.99
2014-01-16,38.91
2014-01-17,37.58
2014-01-20,36.75
2014-01-21,36.5
2014-01-22,37.5
2014-01-23,38.78
2014-01-24,38.54
2014-01-27,37.32
2014-01-28,37.18
2014-01-29,36.25
2014-01-30,35.45
2014-02-07,36.65
2014-02-10,37.75
2014-02-11,38.05
2014-02-12,37.46
2014-02-13,37.07
2014-02-14,36.99
2014-02-17,37
2014-02-18,36.53
2014-02-19,36.41
2014-02-20,37.01
2014-02-21,36.6
2014-02-24,35.64
2014-02-25,34.71
2014-02-26,33.97
2014-02-27,33.41
2014-02-28,35.12
2014-03-03,35.75
2014-03-04,34.71
2014-03-05,34.48
2014-03-06,33.99
2014-03-07,34.85
2014-03-10,36.11
2014-03-11,36.37
2014-03-12,36.32
2014-03-13,37.87
2014-03-14,37.54
2014-03-17,37.26
2014-03-18,37.6
2014-03-19,35.92
2014-03-20,35.33
2014-03-21,36.44
2014-03-24,35.75
2014-03-25,35.97
2014-03-26,36.18
2014-03-27,35.26
2014-03-28,35.03
2014-03-31,35.83
2014-04-01,36.82
2014-04-02,36.24
2014-04-03,36
2014-04-04,36.89
2014-04-08,38.96
2014-04-09,38.74
2014-04-10,39.22
2014-04-11,39.53
2014-04-14,39.76
2014-04-15,38.45
2014-04-16,38.48
2014-04-17,37.81
2014-04-18,37.8
2014-04-21,36.8
2014-04-22,36.34
2014-04-23,36.47
2014-04-24,36.58
2014-04-25,35.27
2014-04-28,34.39
2014-04-29,35.5
2014-04-30,37.1
2014-05-05,37.66
2014-05-06,37.67
2014-05-07,36.49
2014-05-08,36.17
2014-05-09,35.95
2014-05-12,36.37
2014-05-13,36.86
2014-05-14,36.22
2014-05-15,35.69
2014-05-16,35.47
2014-05-19,35
2014-05-20,34.83
2014-05-21,35.04
2014-05-22,34.67
2014-05-23,35.08
2014-05-26,35.35
2014-05-27,34.8
2014-05-28,34.69
2014-05-29,34.38
2014-05-30,33.95
2014-06-03,31.32
2014-06-04,32.05
2014-06-05,32.71
2014-06-06,31.95
2014-06-09,31.99
2014-06-10,31.99
2014-06-11,32.42
2014-06-12,33.15
2014-06-13,33.27
2014-06-16,33.15
2014-06-17,32.73
2014-06-18,32.44
2014-06-19,31.84
2014-06-20,31.87
2014-06-23,31.56
2014-06-24,31.8
2014-06-25,32.42
2014-06-26,33.22
2014-06-27,33.31
2014-06-30,33.12
2014-07-01,33.15
2014-07-02,32.18
2014-07-03,32.2
2014-07-04,33.3
2014-07-07,33.48
2014-07-08,33.86
2014-07-09,33.2
2014-07-10,32.25
2014-07-11,32.3
2014-07-14,32.75
2014-07-15,33.91
2014-07-16,21.9
2014-07-17,21.75
2014-07-18,22.33
2014-07-21,23.35
2014-07-22,23.26
2014-07-23,23.23
2014-07-24,23.71
2014-07-25,23.68
2014-07-28,24.15
2014-07-29,24.53
2014-07-30,25.28
2014-07-31,26.54
2014-08-01,26.5
2014-08-04,26.88
2014-08-05,27
2014-08-06,26.74
2014-08-07,25.9
2014-08-08,26.4
2014-08-11,26.64
2014-08-12,26.66
2014-08-13,26.38
2014-08-14,26.39
2014-08-15,26.55
2014-08-18,26.33
2014-08-19,26.47
2014-08-20,26.17
2014-08-21,25.95
2014-08-22,25.67
2014-08-25,25.38
2014-08-26,26.01
2014-08-27,26.01
2014-08-28,26.21
2014-08-29,26.56
2014-09-01,26.55
2014-09-02,26.56
2014-09-03,27.03
2014-09-04,27.08
2014-09-05,28.19
2014-09-09,28.22
2014-09-10,27.7
2014-09-11,26.59
2014-09-12,26.37
2014-09-15,26.55
2014-09-16,25.39
2014-09-17,25.37
2014-09-18,25.87
2014-09-19,25.83
2014-09-22,25.38
2014-09-23,25.73
2014-09-24,26.16
2014-09-25,25.85
2014-09-26,25.71
2014-09-29,25.67
2014-09-30,25.9
2014-10-08,26.37
2014-10-09,26.48
2014-10-10,25.95
2014-10-13,24.32
2014-10-14,24.17
2014-10-15,24.18
2014-10-16,23.79
2014-10-17,24.1
2014-10-20,23.96
2014-10-21,23.73
2014-10-22,23.33
2014-10-23,22.76
2014-10-24,23.31
2014-10-27,23.7
2014-10-28,23.58
2014-10-29,23.86
2014-10-30,24.06
2014-10-31,23.99
2014-11-03,23.95
2014-11-04,23.25
2014-11-05,22.75
2014-11-06,22.92
2014-11-07,22.58
2014-11-10,24.14
2014-11-11,23.96
2014-11-12,24.4
2014-11-13,24.9
2014-11-14,25.48
2014-11-17,25.42
2014-11-18,24.1
2014-11-19,23.94
2014-11-20,23.95
2014-11-21,24.8
2014-11-24,24.97
2014-11-25,25.06
2014-11-26,24.97
2014-11-27,24.78
2014-11-28,24.53
2014-12-01,25.69
2014-12-02,25.8
2014-12-03,26.12
2014-12-04,26.61
2014-12-05,25.52
2014-12-08,26.13
2014-12-09,26.79
2014-12-10,27.69
2014-12-11,27.14
2014-12-12,27.52
2014-12-15,27.7
2014-12-16,27.14
2014-12-17,26.47
2014-12-18,26.75
2014-12-19,26.46
2014-12-22,27.2
2014-12-23,26.91
2014-12-24,26.98
2014-12-25,27.01
2014-12-26,27.55
2014-12-29,29.23
2014-12-30,28.62
2014-12-31,28.63
2015-01-05,29.76
2015-01-06,29.88
2015-01-07,28.97
2015-01-08,28.64
2015-01-09,28.15
2015-01-12,28.17
2015-01-13,28.36
2015-01-14,27.53
2015-01-15,27.79
2015-01-16,28.04
2015-01-19,26.4
2015-01-20,27.09
2015-01-21,27.81
2015-01-22,27.77
2015-01-23,27.66
2015-01-26,28.55
2015-01-27,28.19
2015-01-28,27.75
2015-01-29,27.31
2015-01-30,27.3
2015-02-02,26.76
2015-02-03,27.2
2015-02-04,27.31
2015-02-05,27.01
2015-02-06,26.76
2015-02-09,27.49
2015-02-10,27.63
2015-02-11,27.49
2015-02-12,28.17
2015-02-13,28.38
2015-02-16,28.35
2015-02-17,28.28
2015-02-25,28
2015-02-26,28.53
2015-02-27,28.24
2015-03-02,28
2015-03-03,27.56
2015-03-04,27.78
2015-03-05,27.23
2015-03-06,27.24
2015-03-09,27.44
2015-03-10,27.24
2015-03-11,27.18
2015-03-12,27.5
2015-03-13,27.46
2015-03-16,28.1
2015-03-17,28.39
2015-03-18,28.82
2015-03-19,28.56
2015-03-20,29.45
2015-03-23,30.57
2015-03-24,29.96
2015-03-25,30.39
2015-03-26,31.43
2015-03-27,31.1
2015-03-30,31.36
2015-03-31,30.85
2015-04-01,31.44
2015-04-02,31.38
2015-04-03,31.35
2015-04-07,32.49
2015-04-08,32.85
2015-04-09,32.17
2015-04-10,33.33
2015-04-13,33.62
2015-04-14,33.82
2015-04-15,33.05
2015-04-16,35.51
2015-04-17,35.39
2015-04-20,35.83
2015-04-21,38.12
2015-04-22,38.2
2015-04-23,38.04
2015-04-24,38.5
2015-04-27,38.69
2015-04-28,36.82
2015-04-29,36.82
2015-04-30,36.46
2015-05-04,36.88
2015-05-05,35.68
2015-05-06,35.95
2015-05-07,36.26
2015-05-08,36.65
2015-05-11,36.83
2015-05-12,36.57
2015-05-13,37.28
2015-05-14,36.81
2015-05-15,35.74
2015-05-18,35.05
2015-05-19,35.97
2015-05-20,36.65
2015-05-21,37.91
2015-05-22,39.69
2015-05-25,43.66
2015-05-26,44.16
2015-05-27,43.58
2015-05-28,21.11
2015-05-29,20.15
2015-06-01,20.77
2015-06-02,20.98
2015-06-03,20.2
2015-06-04,19.98
2015-06-05,20.02
2015-06-08,20.46
2015-06-09,21.69
2015-06-10,21.3
2015-06-11,21.24
2015-06-12,21.23
2015-06-15,20.33
2015-06-16,20.32
2015-06-17,20.06
2015-06-18,19.05
2015-06-19,17.88
2015-06-23,19.16
2015-06-24,19.71
2015-06-25,18.74
2015-06-26,17.62
2015-06-29,17.39
2015-06-30,18.9
2015-07-01,18
2015-07-02,17.7
2015-07-03,17.06
2015-07-06,18.18
2015-07-07,17.51
2015-07-08,16.48
2015-07-09,18.13
2015-07-10,19.92
2015-07-13,19.71
2015-07-14,18.54
2015-07-15,18.78
2015-07-16,18.49
2015-07-17,18.99
2015-07-20,18.7
2015-07-21,18.43
2015-07-22,18.6
2015-07-23,18.63
2015-07-24,18.72
2015-07-27,16.92
2015-07-28,17.04
2015-07-29,17.42
2015-07-30,16.91
2015-07-31,17.26
2015-08-03,17.75
2015-08-04,17.99
2015-08-05,17.47
2015-08-06,17.27
2015-08-07,17.51
2015-08-10,18.15
2015-08-11,17.91
2015-08-12,17.63
2015-08-13,17.71
2015-08-14,17.77
2015-08-17,18.45
2015-08-18,17.04
2015-08-19,17.34
2015-08-20,16.84
2015-08-21,16.2
2015-08-24,14.58
2015-08-25,13.73
2015-08-26,14.56
2015-08-27,15.73
2015-08-28,15.93
2015-08-31,16.11
2015-09-01,16.19
2015-09-02,16
2015-09-07,15.11
2015-09-08,15.42
2015-09-09,15.61
2015-09-10,15.79
2015-09-11,15.7
2015-09-14,15.62
2015-09-15,15.34
2015-09-16,16.06
2015-09-17,15.54
2015-09-18,15.75
2015-09-21,15.98
2015-09-22,15.93
2015-09-23,15.69
2015-09-24,15.73
2015-09-25,15.4
2015-09-28,15.42
2015-09-29,15.27
2015-09-30,15.38
2015-10-08,15.86
2015-10-09,15.86
2015-10-12,16.16
2015-10-13,16.29
2015-10-14,15.99
2015-10-15,16.17
2015-10-16,16.27
2015-10-19,16.48
2015-10-20,16.11
2015-10-21,15.43
2015-10-22,15.52
2015-10-23,15.67
2015-10-26,15.77
2015-10-27,15.63
2015-10-28,15.34
2015-10-29,15.56
2015-10-30,15.93
2015-11-02,15.3
2015-11-03,15.17
2015-11-04,15.65
2015-11-05,15.92
2015-11-06,16.01
2015-11-09,16.2
2015-11-10,15.98
2015-11-11,15.89
2015-11-12,16.02
2015-11-13,15.61
2015-11-16,15.62
2015-11-17,15.72
2015-11-18,15.53
2015-11-19,15.61
2015-11-20,15.6
2015-11-23,15.48
2015-11-24,15.43
2015-11-25,15.41
2015-11-26,15.48
2015-11-27,14.92
2015-11-30,14.75
2015-12-01,14.81
2015-12-02,15.39
2015-12-03,15.34
2015-12-04,15.08
2015-12-07,15.15
2015-12-08,14.83
2015-12-09,14.8
2015-12-10,14.73
2015-12-11,14.6
2015-12-14,14.9
2015-12-15,14.95
2015-12-16,14.84
2015-12-17,15.1
2015-12-18,16.12
2015-12-21,17.73
2015-12-22,18.34
2015-12-23,18.15
2015-12-24,17.18
2015-12-25,17.1
2015-12-28,16.48
2015-12-29,16.6
2015-12-30,16.54
2015-12-31,16.43
2016-01-04,15.17
2016-01-05,15.49
2016-01-06,15.54
2016-01-07,14.5
2016-01-08,14.92
2016-01-11,14.42
2016-01-12,14.62
2016-01-13,14.4
2016-01-14,14.63
2016-01-15,14.27
2016-01-18,14.26
2016-01-19,14.68
2016-01-20,14.31
2016-01-21,14
2016-01-22,14
2016-01-25,14.01
2016-01-26,12.98
2016-01-27,13.01
2016-01-28,12.84
2016-01-29,13.34
2016-02-01,13.23
2016-02-02,13.45
2016-02-03,13.31
2016-02-04,13.45
2016-02-05,13.36
2016-02-15,13.16
2016-02-16,13.53
2016-02-17,13.76
2016-02-18,13.63
2016-02-19,13.55
2016-02-22,13.84
2016-02-23,13.66
2016-02-24,13.89
2016-02-25,12.97
2016-02-26,13.09
2016-02-29,12.99
2016-03-01,13.17
2016-03-02,13.63
2016-03-03,13.85
2016-03-04,14.35
2016-03-07,14.22
2016-03-08,13.97
2016-03-09,13.56
2016-03-10,13.43
2016-03-11,13.36
2016-03-14,13.6
2016-03-15,14.25
2016-03-16,13.94
2016-03-17,14.1
2016-03-18,14.29
2016-03-21,14.59
2016-03-22,14.39
2016-03-23,14.52
2016-03-24,14.12
2016-03-25,14.17
2016-03-28,14.1
2016-03-29,13.94
2016-03-30,14.3
2016-03-31,14.57
2016-04-01,14.47
2016-04-05,14.7
2016-04-06,14.65
2016-04-07,14.44
2016-04-08,14.34
2016-04-11,14.52
2016-04-12,14.44
2016-04-13,14.49
2016-04-14,14.61
2016-04-15,14.56
2016-04-18,14.39
2016-04-19,14.49
2016-04-20,14.13
2016-04-21,14.07
2016-04-22,14.19
2016-04-25,14.19
2016-04-26,14.2
2016-04-27,14.39
2016-04-28,14.64
2016-04-29,15.03
2016-05-03,15.39
2016-05-04,15.21
2016-05-05,15.39
2016-05-06,14.55
2016-05-09,14.59
2016-05-10,15.27
2016-05-11,15.43
2016-05-12,15.3
2016-05-13,15.06
2016-05-16,15.48
2016-05-17,15.35
2016-05-18,15.13
2016-05-19,15.19
2016-05-20,15.37
2016-05-23,15.42
2016-05-24,15.26
2016-05-25,15.07
2016-05-26,15.05
2016-05-27,15.09
2016-05-30,15
2016-05-31,15.41
2016-06-01,15.35
2016-06-02,15.53
2016-06-03,16.28
2016-06-06,16.15
2016-06-07,16.41
2016-06-08,16.28
2016-06-13,15.79
2016-06-14,16.06
2016-06-15,16.23
2016-06-16,16.26
2016-06-17,16.32
2016-06-20,16.33
2016-06-21,16.31
2016-06-22,16.32
2016-06-23,16.11
2016-06-24,15.81
2016-06-27,16.28
2016-06-28,16.29
2016-06-29,16.46
2016-06-30,16.67
2016-07-01,16.93
2016-07-04,16.97
2016-07-05,17
2016-07-06,17.33
2016-07-07,17.36
2016-07-08,17.31
2016-07-11,17.85
2016-07-12,18.6
2016-07-13,18.3
2016-07-14,18.64
2016-07-15,18.5
2016-07-18,18.14
2016-07-19,17.67
2016-07-20,17.84
2016-07-21,17.89
2016-07-22,17.55
2016-07-25,17.84
2016-07-26,18.61
2016-07-27,18.11
2016-07-28,18.69
2016-07-29,18.54
2016-08-01,18.01
2016-08-02,17.83
2016-08-03,17.98
2016-08-04,17.92
2016-08-05,18.05
2016-08-08,18.08
2016-08-09,18.44
2016-08-10,18.23
2016-08-11,18.16
2016-08-12,18.13
2016-08-15,18.5
2016-08-16,18.61
2016-08-17,18.6
2016-08-18,18.08
2016-08-19,17.89
2016-08-22,18.07
2016-08-23,18.04
2016-08-24,17.93
2016-08-25,17.91
2016-08-26,17.91
2016-08-29,16.83
2016-08-30,16.9
2016-08-31,16.85
2016-09-01,16.7
2016-09-02,16.47
2016-09-05,16.35
2016-09-06,16.74
2016-09-07,16.64
2016-09-08,16.5
2016-09-09,16.39
2016-09-12,15.97
2016-09-13,16.03
2016-09-14,16.11
2016-10-24,17.29
2016-10-25,17.46
2016-10-26,18.57
2016-10-27,18.31
2016-10-28,17.81
2016-10-31,17.99
2016-11-01,18.07
2016-11-02,17.88
2016-11-03,17.84
2016-11-04,18
2016-11-07,18
2016-11-08,18.02
2016-11-09,17.92
2016-11-10,18
2016-11-11,18.02
2016-11-14,17.76
2016-11-15,17.97
2016-11-16,17.99
2016-11-17,18.07
2016-11-18,17.87
2016-11-21,17.73
2016-11-22,17.82
2016-11-23,17.82
2016-11-24,18.9
2016-11-25,18.72
2016-11-28,18.51
2016-11-29,20.1
2016-11-30,19.78
2016-12-01,19.97
2016-12-02,19.22
2016-12-05,18.03
2016-12-06,18.11
2016-12-07,18.53
2016-12-08,18.3
2016-12-09,18.3
2016-12-12,18.08
2016-12-13,17.99
2016-12-14,17.7
2016-12-15,17.52
2016-12-16,17.58
2016-12-19,17.62
2016-12-20,17.5
2016-12-21,17.58
2016-12-22,17.66
2016-12-23,17.46
2016-12-26,17.41
2016-12-27,17.38
2016-12-28,17.29
2016-12-29,17.39
2016-12-30,17.6
2017-01-03,17.69
2017-01-04,17.9
2017-01-05,17.88
2017-01-06,17.65
2017-01-09,17.67
2017-01-10,17.83
2017-01-11,17.69
2017-01-12,17.51
2017-01-13,17.6
2017-01-16,17.93
2017-01-17,18.03
2017-01-18,18.14
2017-01-19,18.22
2017-01-20,18.28
2017-01-23,18.26
2017-01-24,18.21
2017-01-25,18.39
2017-01-26,18.41
2017-02-03,18.24
2017-02-06,18.15
2017-02-07,18.09
2017-02-08,18.1
2017-02-09,18.1
2017-02-10,18.16
2017-02-13,18.52
2017-02-14,18.2
2017-02-15,17.9
2017-02-16,17.84
2017-02-17,17.98
2017-02-20,18.19
2017-02-21,18.1
2017-02-22,18.48
2017-02-23,18.33
2017-02-24,18.27
2017-02-27,18.2
2017-02-28,18.06
2017-03-01,18
2017-03-02,17.96
2017-03-03,18.04